Source;Target;Label;Type
1;2;"Edge 1 to 2";"Mixed"
1;6;"Edge 1 to 6";"Mixed"
1;8;"Edge 1 to 8";"Mixed"
1;10;"Edge 1 to 10";"Mixed"
1;18;"Edge 1 to 18";"Mixed"
1;47;"Edge 1 to 47";"Mixed"
1;119;"Edge 1 to 119";"Mixed"
1;652;"Edge 1 to 652";"Mixed"
1;969;"Edge 1 to 969";"Mixed"
2;1;"Edge 2 to 1";"Mixed"
2;3;"Edge 2 to 3";"Mixed"
2;4;"Edge 2 to 4";"Mixed"
2;13;"Edge 2 to 13";"Mixed"
2;17;"Edge 2 to 17";"Mixed"
2;29;"Edge 2 to 29";"Mixed"
2;58;"Edge 2 to 58";"Mixed"
2;149;"Edge 2 to 149";"Mixed"
2;792;"Edge 2 to 792";"Mixed"
3;2;"Edge 3 to 2";"Mixed"
3;12;"Edge 3 to 12";"Mixed"
3;49;"Edge 3 to 49";"Mixed"
3;84;"Edge 3 to 84";"Mixed"
3;121;"Edge 3 to 121";"Mixed"
3;144;"Edge 3 to 144";"Mixed"
3;453;"Edge 3 to 453";"Mixed"
4;2;"Edge 4 to 2";"Mixed"
4;5;"Edge 4 to 5";"Mixed"
4;43;"Edge 4 to 43";"Mixed"
4;74;"Edge 4 to 74";"Mixed"
4;212;"Edge 4 to 212";"Mixed"
4;283;"Edge 4 to 283";"Mixed"
4;551;"Edge 4 to 551";"Mixed"
4;820;"Edge 4 to 820";"Mixed"
5;4;"Edge 5 to 4";"Mixed"
5;7;"Edge 5 to 7";"Mixed"
5;9;"Edge 5 to 9";"Mixed"
5;16;"Edge 5 to 16";"Mixed"
5;40;"Edge 5 to 40";"Mixed"
5;45;"Edge 5 to 45";"Mixed"
5;60;"Edge 5 to 60";"Mixed"
5;174;"Edge 5 to 174";"Mixed"
5;866;"Edge 5 to 866";"Mixed"
6;1;"Edge 6 to 1";"Mixed"
6;21;"Edge 6 to 21";"Mixed"
6;23;"Edge 6 to 23";"Mixed"
6;151;"Edge 6 to 151";"Mixed"
6;302;"Edge 6 to 302";"Mixed"
7;5;"Edge 7 to 5";"Mixed"
7;26;"Edge 7 to 26";"Mixed"
7;28;"Edge 7 to 28";"Mixed"
7;50;"Edge 7 to 50";"Mixed"
7;83;"Edge 7 to 83";"Mixed"
7;98;"Edge 7 to 98";"Mixed"
7;178;"Edge 7 to 178";"Mixed"
8;1;"Edge 8 to 1";"Mixed"
8;11;"Edge 8 to 11";"Mixed"
8;52;"Edge 8 to 52";"Mixed"
8;64;"Edge 8 to 64";"Mixed"
8;109;"Edge 8 to 109";"Mixed"
8;487;"Edge 8 to 487";"Mixed"
9;5;"Edge 9 to 5";"Mixed"
9;20;"Edge 9 to 20";"Mixed"
9;163;"Edge 9 to 163";"Mixed"
9;167;"Edge 9 to 167";"Mixed"
9;369;"Edge 9 to 369";"Mixed"
10;1;"Edge 10 to 1";"Mixed"
10;14;"Edge 10 to 14";"Mixed"
10;15;"Edge 10 to 15";"Mixed"
10;25;"Edge 10 to 25";"Mixed"
10;37;"Edge 10 to 37";"Mixed"
10;73;"Edge 10 to 73";"Mixed"
10;304;"Edge 10 to 304";"Mixed"
11;8;"Edge 11 to 8";"Mixed"
11;120;"Edge 11 to 120";"Mixed"
11;130;"Edge 11 to 130";"Mixed"
11;252;"Edge 11 to 252";"Mixed"
11;277;"Edge 11 to 277";"Mixed"
11;379;"Edge 11 to 379";"Mixed"
11;855;"Edge 11 to 855";"Mixed"
12;3;"Edge 12 to 3";"Mixed"
12;22;"Edge 12 to 22";"Mixed"
12;55;"Edge 12 to 55";"Mixed"
12;82;"Edge 12 to 82";"Mixed"
12;137;"Edge 12 to 137";"Mixed"
12;882;"Edge 12 to 882";"Mixed"
13;2;"Edge 13 to 2";"Mixed"
13;42;"Edge 13 to 42";"Mixed"
13;44;"Edge 13 to 44";"Mixed"
13;46;"Edge 13 to 46";"Mixed"
13;78;"Edge 13 to 78";"Mixed"
13;214;"Edge 13 to 214";"Mixed"
13;446;"Edge 13 to 446";"Mixed"
13;810;"Edge 13 to 810";"Mixed"
14;10;"Edge 14 to 10";"Mixed"
15;10;"Edge 15 to 10";"Mixed"
15;387;"Edge 15 to 387";"Mixed"
16;5;"Edge 16 to 5";"Mixed"
16;32;"Edge 16 to 32";"Mixed"
16;41;"Edge 16 to 41";"Mixed"
16;295;"Edge 16 to 295";"Mixed"
17;2;"Edge 17 to 2";"Mixed"
17;102;"Edge 17 to 102";"Mixed"
17;173;"Edge 17 to 173";"Mixed"
17;184;"Edge 17 to 184";"Mixed"
17;246;"Edge 17 to 246";"Mixed"
17;247;"Edge 17 to 247";"Mixed"
18;1;"Edge 18 to 1";"Mixed"
18;19;"Edge 18 to 19";"Mixed"
18;30;"Edge 18 to 30";"Mixed"
18;35;"Edge 18 to 35";"Mixed"
18;259;"Edge 18 to 259";"Mixed"
18;749;"Edge 18 to 749";"Mixed"
18;783;"Edge 18 to 783";"Mixed"
19;18;"Edge 19 to 18";"Mixed"
19;351;"Edge 19 to 351";"Mixed"
19;386;"Edge 19 to 386";"Mixed"
20;9;"Edge 20 to 9";"Mixed"
20;31;"Edge 20 to 31";"Mixed"
20;34;"Edge 20 to 34";"Mixed"
20;80;"Edge 20 to 80";"Mixed"
20;141;"Edge 20 to 141";"Mixed"
20;253;"Edge 20 to 253";"Mixed"
20;731;"Edge 20 to 731";"Mixed"
21;6;"Edge 21 to 6";"Mixed"
21;24;"Edge 21 to 24";"Mixed"
21;96;"Edge 21 to 96";"Mixed"
21;811;"Edge 21 to 811";"Mixed"
22;12;"Edge 22 to 12";"Mixed"
22;53;"Edge 22 to 53";"Mixed"
22;158;"Edge 22 to 158";"Mixed"
22;176;"Edge 22 to 176";"Mixed"
23;6;"Edge 23 to 6";"Mixed"
23;61;"Edge 23 to 61";"Mixed"
23;90;"Edge 23 to 90";"Mixed"
23;978;"Edge 23 to 978";"Mixed"
24;21;"Edge 24 to 21";"Mixed"
24;361;"Edge 24 to 361";"Mixed"
24;685;"Edge 24 to 685";"Mixed"
25;10;"Edge 25 to 10";"Mixed"
25;27;"Edge 25 to 27";"Mixed"
25;79;"Edge 25 to 79";"Mixed"
25;272;"Edge 25 to 272";"Mixed"
25;444;"Edge 25 to 444";"Mixed"
25;666;"Edge 25 to 666";"Mixed"
26;7;"Edge 26 to 7";"Mixed"
26;33;"Edge 26 to 33";"Mixed"
26;48;"Edge 26 to 48";"Mixed"
27;25;"Edge 27 to 25";"Mixed"
27;69;"Edge 27 to 69";"Mixed"
27;107;"Edge 27 to 107";"Mixed"
27;316;"Edge 27 to 316";"Mixed"
27;492;"Edge 27 to 492";"Mixed"
28;7;"Edge 28 to 7";"Mixed"
28;367;"Edge 28 to 367";"Mixed"
28;878;"Edge 28 to 878";"Mixed"
29;2;"Edge 29 to 2";"Mixed"
29;76;"Edge 29 to 76";"Mixed"
30;18;"Edge 30 to 18";"Mixed"
30;250;"Edge 30 to 250";"Mixed"
31;20;"Edge 31 to 20";"Mixed"
31;54;"Edge 31 to 54";"Mixed"
31;77;"Edge 31 to 77";"Mixed"
31;228;"Edge 31 to 228";"Mixed"
31;248;"Edge 31 to 248";"Mixed"
31;265;"Edge 31 to 265";"Mixed"
31;385;"Edge 31 to 385";"Mixed"
31;588;"Edge 31 to 588";"Mixed"
32;16;"Edge 32 to 16";"Mixed"
32;89;"Edge 32 to 89";"Mixed"
32;187;"Edge 32 to 187";"Mixed"
32;489;"Edge 32 to 489";"Mixed"
33;26;"Edge 33 to 26";"Mixed"
33;36;"Edge 33 to 36";"Mixed"
33;62;"Edge 33 to 62";"Mixed"
33;81;"Edge 33 to 81";"Mixed"
33;353;"Edge 33 to 353";"Mixed"
34;20;"Edge 34 to 20";"Mixed"
34;38;"Edge 34 to 38";"Mixed"
34;145;"Edge 34 to 145";"Mixed"
35;18;"Edge 35 to 18";"Mixed"
35;861;"Edge 35 to 861";"Mixed"
36;33;"Edge 36 to 33";"Mixed"
36;67;"Edge 36 to 67";"Mixed"
36;95;"Edge 36 to 95";"Mixed"
36;148;"Edge 36 to 148";"Mixed"
37;10;"Edge 37 to 10";"Mixed"
37;191;"Edge 37 to 191";"Mixed"
38;34;"Edge 38 to 34";"Mixed"
38;39;"Edge 38 to 39";"Mixed"
38;93;"Edge 38 to 93";"Mixed"
38;152;"Edge 38 to 152";"Mixed"
38;395;"Edge 38 to 395";"Mixed"
38;522;"Edge 38 to 522";"Mixed"
38;568;"Edge 38 to 568";"Mixed"
39;38;"Edge 39 to 38";"Mixed"
39;57;"Edge 39 to 57";"Mixed"
39;159;"Edge 39 to 159";"Mixed"
39;181;"Edge 39 to 181";"Mixed"
40;5;"Edge 40 to 5";"Mixed"
40;92;"Edge 40 to 92";"Mixed"
41;16;"Edge 41 to 16";"Mixed"
41;51;"Edge 41 to 51";"Mixed"
41;65;"Edge 41 to 65";"Mixed"
41;527;"Edge 41 to 527";"Mixed"
42;13;"Edge 42 to 13";"Mixed"
42;97;"Edge 42 to 97";"Mixed"
42;122;"Edge 42 to 122";"Mixed"
42;124;"Edge 42 to 124";"Mixed"
43;4;"Edge 43 to 4";"Mixed"
43;91;"Edge 43 to 91";"Mixed"
43;125;"Edge 43 to 125";"Mixed"
44;13;"Edge 44 to 13";"Mixed"
44;104;"Edge 44 to 104";"Mixed"
44;171;"Edge 44 to 171";"Mixed"
45;5;"Edge 45 to 5";"Mixed"
45;221;"Edge 45 to 221";"Mixed"
45;318;"Edge 45 to 318";"Mixed"
46;13;"Edge 46 to 13";"Mixed"
47;1;"Edge 47 to 1";"Mixed"
47;59;"Edge 47 to 59";"Mixed"
48;26;"Edge 48 to 26";"Mixed"
48;112;"Edge 48 to 112";"Mixed"
48;301;"Edge 48 to 301";"Mixed"
48;657;"Edge 48 to 657";"Mixed"
49;3;"Edge 49 to 3";"Mixed"
49;127;"Edge 49 to 127";"Mixed"
49;224;"Edge 49 to 224";"Mixed"
49;274;"Edge 49 to 274";"Mixed"
49;922;"Edge 49 to 922";"Mixed"
50;7;"Edge 50 to 7";"Mixed"
51;41;"Edge 51 to 41";"Mixed"
51;63;"Edge 51 to 63";"Mixed"
51;68;"Edge 51 to 68";"Mixed"
51;70;"Edge 51 to 70";"Mixed"
51;299;"Edge 51 to 299";"Mixed"
51;429;"Edge 51 to 429";"Mixed"
52;8;"Edge 52 to 8";"Mixed"
52;192;"Edge 52 to 192";"Mixed"
52;370;"Edge 52 to 370";"Mixed"
53;22;"Edge 53 to 22";"Mixed"
53;197;"Edge 53 to 197";"Mixed"
53;322;"Edge 53 to 322";"Mixed"
53;474;"Edge 53 to 474";"Mixed"
54;31;"Edge 54 to 31";"Mixed"
54;756;"Edge 54 to 756";"Mixed"
55;12;"Edge 55 to 12";"Mixed"
55;56;"Edge 55 to 56";"Mixed"
55;75;"Edge 55 to 75";"Mixed"
55;155;"Edge 55 to 155";"Mixed"
55;514;"Edge 55 to 514";"Mixed"
56;55;"Edge 56 to 55";"Mixed"
56;218;"Edge 56 to 218";"Mixed"
56;290;"Edge 56 to 290";"Mixed"
57;39;"Edge 57 to 39";"Mixed"
57;237;"Edge 57 to 237";"Mixed"
57;593;"Edge 57 to 593";"Mixed"
58;2;"Edge 58 to 2";"Mixed"
58;86;"Edge 58 to 86";"Mixed"
58;133;"Edge 58 to 133";"Mixed"
58;478;"Edge 58 to 478";"Mixed"
59;47;"Edge 59 to 47";"Mixed"
59;66;"Edge 59 to 66";"Mixed"
59;71;"Edge 59 to 71";"Mixed"
59;72;"Edge 59 to 72";"Mixed"
59;85;"Edge 59 to 85";"Mixed"
59;131;"Edge 59 to 131";"Mixed"
59;329;"Edge 59 to 329";"Mixed"
59;573;"Edge 59 to 573";"Mixed"
59;628;"Edge 59 to 628";"Mixed"
59;818;"Edge 59 to 818";"Mixed"
59;860;"Edge 59 to 860";"Mixed"
59;920;"Edge 59 to 920";"Mixed"
60;5;"Edge 60 to 5";"Mixed"
60;114;"Edge 60 to 114";"Mixed"
61;23;"Edge 61 to 23";"Mixed"
61;101;"Edge 61 to 101";"Mixed"
61;105;"Edge 61 to 105";"Mixed"
61;129;"Edge 61 to 129";"Mixed"
62;33;"Edge 62 to 33";"Mixed"
62;645;"Edge 62 to 645";"Mixed"
63;51;"Edge 63 to 51";"Mixed"
63;134;"Edge 63 to 134";"Mixed"
63;135;"Edge 63 to 135";"Mixed"
63;186;"Edge 63 to 186";"Mixed"
64;8;"Edge 64 to 8";"Mixed"
64;126;"Edge 64 to 126";"Mixed"
65;41;"Edge 65 to 41";"Mixed"
65;451;"Edge 65 to 451";"Mixed"
65;759;"Edge 65 to 759";"Mixed"
65;782;"Edge 65 to 782";"Mixed"
66;59;"Edge 66 to 59";"Mixed"
66;116;"Edge 66 to 116";"Mixed"
66;136;"Edge 66 to 136";"Mixed"
66;235;"Edge 66 to 235";"Mixed"
67;36;"Edge 67 to 36";"Mixed"
67;99;"Edge 67 to 99";"Mixed"
67;684;"Edge 67 to 684";"Mixed"
68;51;"Edge 68 to 51";"Mixed"
69;27;"Edge 69 to 27";"Mixed"
69;450;"Edge 69 to 450";"Mixed"
70;51;"Edge 70 to 51";"Mixed"
70;554;"Edge 70 to 554";"Mixed"
71;59;"Edge 71 to 59";"Mixed"
71;499;"Edge 71 to 499";"Mixed"
72;59;"Edge 72 to 59";"Mixed"
72;350;"Edge 72 to 350";"Mixed"
72;440;"Edge 72 to 440";"Mixed"
72;584;"Edge 72 to 584";"Mixed"
73;10;"Edge 73 to 10";"Mixed"
74;4;"Edge 74 to 4";"Mixed"
74;87;"Edge 74 to 87";"Mixed"
75;55;"Edge 75 to 55";"Mixed"
75;849;"Edge 75 to 849";"Mixed"
76;29;"Edge 76 to 29";"Mixed"
76;200;"Edge 76 to 200";"Mixed"
77;31;"Edge 77 to 31";"Mixed"
77;106;"Edge 77 to 106";"Mixed"
77;172;"Edge 77 to 172";"Mixed"
77;201;"Edge 77 to 201";"Mixed"
78;13;"Edge 78 to 13";"Mixed"
78;378;"Edge 78 to 378";"Mixed"
78;448;"Edge 78 to 448";"Mixed"
79;25;"Edge 79 to 25";"Mixed"
79;88;"Edge 79 to 88";"Mixed"
79;103;"Edge 79 to 103";"Mixed"
79;232;"Edge 79 to 232";"Mixed"
79;315;"Edge 79 to 315";"Mixed"
79;1000;"Edge 79 to 1000";"Mixed"
80;20;"Edge 80 to 20";"Mixed"
80;94;"Edge 80 to 94";"Mixed"
80;128;"Edge 80 to 128";"Mixed"
80;260;"Edge 80 to 260";"Mixed"
81;33;"Edge 81 to 33";"Mixed"
81;110;"Edge 81 to 110";"Mixed"
81;115;"Edge 81 to 115";"Mixed"
81;242;"Edge 81 to 242";"Mixed"
81;326;"Edge 81 to 326";"Mixed"
81;427;"Edge 81 to 427";"Mixed"
82;12;"Edge 82 to 12";"Mixed"
82;108;"Edge 82 to 108";"Mixed"
82;190;"Edge 82 to 190";"Mixed"
83;7;"Edge 83 to 7";"Mixed"
83;337;"Edge 83 to 337";"Mixed"
83;443;"Edge 83 to 443";"Mixed"
84;3;"Edge 84 to 3";"Mixed"
85;59;"Edge 85 to 59";"Mixed"
85;100;"Edge 85 to 100";"Mixed"
85;325;"Edge 85 to 325";"Mixed"
85;339;"Edge 85 to 339";"Mixed"
86;58;"Edge 86 to 58";"Mixed"
86;111;"Edge 86 to 111";"Mixed"
86;147;"Edge 86 to 147";"Mixed"
87;74;"Edge 87 to 74";"Mixed"
88;79;"Edge 88 to 79";"Mixed"
88;574;"Edge 88 to 574";"Mixed"
88;816;"Edge 88 to 816";"Mixed"
88;857;"Edge 88 to 857";"Mixed"
89;32;"Edge 89 to 32";"Mixed"
89;244;"Edge 89 to 244";"Mixed"
89;286;"Edge 89 to 286";"Mixed"
89;641;"Edge 89 to 641";"Mixed"
90;23;"Edge 90 to 23";"Mixed"
90;575;"Edge 90 to 575";"Mixed"
90;753;"Edge 90 to 753";"Mixed"
91;43;"Edge 91 to 43";"Mixed"
91;156;"Edge 91 to 156";"Mixed"
91;185;"Edge 91 to 185";"Mixed"
91;637;"Edge 91 to 637";"Mixed"
91;873;"Edge 91 to 873";"Mixed"
91;930;"Edge 91 to 930";"Mixed"
92;40;"Edge 92 to 40";"Mixed"
92;424;"Edge 92 to 424";"Mixed"
92;871;"Edge 92 to 871";"Mixed"
93;38;"Edge 93 to 38";"Mixed"
94;80;"Edge 94 to 80";"Mixed"
94;852;"Edge 94 to 852";"Mixed"
95;36;"Edge 95 to 36";"Mixed"
95;202;"Edge 95 to 202";"Mixed"
95;205;"Edge 95 to 205";"Mixed"
95;216;"Edge 95 to 216";"Mixed"
95;282;"Edge 95 to 282";"Mixed"
95;961;"Edge 95 to 961";"Mixed"
96;21;"Edge 96 to 21";"Mixed"
96;113;"Edge 96 to 113";"Mixed"
96;170;"Edge 96 to 170";"Mixed"
96;481;"Edge 96 to 481";"Mixed"
97;42;"Edge 97 to 42";"Mixed"
97;834;"Edge 97 to 834";"Mixed"
98;7;"Edge 98 to 7";"Mixed"
98;117;"Edge 98 to 117";"Mixed"
98;405;"Edge 98 to 405";"Mixed"
98;473;"Edge 98 to 473";"Mixed"
98;614;"Edge 98 to 614";"Mixed"
99;67;"Edge 99 to 67";"Mixed"
99;460;"Edge 99 to 460";"Mixed"
99;734;"Edge 99 to 734";"Mixed"
100;85;"Edge 100 to 85";"Mixed"
100;213;"Edge 100 to 213";"Mixed"
100;791;"Edge 100 to 791";"Mixed"
100;887;"Edge 100 to 887";"Mixed"
101;61;"Edge 101 to 61";"Mixed"
101;211;"Edge 101 to 211";"Mixed"
101;374;"Edge 101 to 374";"Mixed"
102;17;"Edge 102 to 17";"Mixed"
102;157;"Edge 102 to 157";"Mixed"
102;390;"Edge 102 to 390";"Mixed"
103;79;"Edge 103 to 79";"Mixed"
104;44;"Edge 104 to 44";"Mixed"
104;414;"Edge 104 to 414";"Mixed"
105;61;"Edge 105 to 61";"Mixed"
106;77;"Edge 106 to 77";"Mixed"
106;146;"Edge 106 to 146";"Mixed"
106;226;"Edge 106 to 226";"Mixed"
106;231;"Edge 106 to 231";"Mixed"
106;273;"Edge 106 to 273";"Mixed"
106;422;"Edge 106 to 422";"Mixed"
106;622;"Edge 106 to 622";"Mixed"
106;941;"Edge 106 to 941";"Mixed"
107;27;"Edge 107 to 27";"Mixed"
107;183;"Edge 107 to 183";"Mixed"
107;225;"Edge 107 to 225";"Mixed"
108;82;"Edge 108 to 82";"Mixed"
108;269;"Edge 108 to 269";"Mixed"
108;914;"Edge 108 to 914";"Mixed"
109;8;"Edge 109 to 8";"Mixed"
109;681;"Edge 109 to 681";"Mixed"
110;81;"Edge 110 to 81";"Mixed"
110;118;"Edge 110 to 118";"Mixed"
110;168;"Edge 110 to 168";"Mixed"
110;348;"Edge 110 to 348";"Mixed"
110;915;"Edge 110 to 915";"Mixed"
111;86;"Edge 111 to 86";"Mixed"
111;537;"Edge 111 to 537";"Mixed"
111;794;"Edge 111 to 794";"Mixed"
111;840;"Edge 111 to 840";"Mixed"
112;48;"Edge 112 to 48";"Mixed"
112;319;"Edge 112 to 319";"Mixed"
112;355;"Edge 112 to 355";"Mixed"
112;402;"Edge 112 to 402";"Mixed"
112;674;"Edge 112 to 674";"Mixed"
112;738;"Edge 112 to 738";"Mixed"
113;96;"Edge 113 to 96";"Mixed"
113;123;"Edge 113 to 123";"Mixed"
114;60;"Edge 114 to 60";"Mixed"
114;227;"Edge 114 to 227";"Mixed"
114;238;"Edge 114 to 238";"Mixed"
115;81;"Edge 115 to 81";"Mixed"
115;132;"Edge 115 to 132";"Mixed"
115;180;"Edge 115 to 180";"Mixed"
115;490;"Edge 115 to 490";"Mixed"
116;66;"Edge 116 to 66";"Mixed"
116;254;"Edge 116 to 254";"Mixed"
116;463;"Edge 116 to 463";"Mixed"
117;98;"Edge 117 to 98";"Mixed"
117;308;"Edge 117 to 308";"Mixed"
117;595;"Edge 117 to 595";"Mixed"
118;110;"Edge 118 to 110";"Mixed"
118;208;"Edge 118 to 208";"Mixed"
119;1;"Edge 119 to 1";"Mixed"
119;139;"Edge 119 to 139";"Mixed"
119;219;"Edge 119 to 219";"Mixed"
120;11;"Edge 120 to 11";"Mixed"
120;907;"Edge 120 to 907";"Mixed"
121;3;"Edge 121 to 3";"Mixed"
121;258;"Edge 121 to 258";"Mixed"
121;297;"Edge 121 to 297";"Mixed"
121;795;"Edge 121 to 795";"Mixed"
121;963;"Edge 121 to 963";"Mixed"
122;42;"Edge 122 to 42";"Mixed"
122;138;"Edge 122 to 138";"Mixed"
122;140;"Edge 122 to 140";"Mixed"
122;710;"Edge 122 to 710";"Mixed"
123;113;"Edge 123 to 113";"Mixed"
123;233;"Edge 123 to 233";"Mixed"
123;289;"Edge 123 to 289";"Mixed"
123;404;"Edge 123 to 404";"Mixed"
123;991;"Edge 123 to 991";"Mixed"
124;42;"Edge 124 to 42";"Mixed"
124;153;"Edge 124 to 153";"Mixed"
124;528;"Edge 124 to 528";"Mixed"
124;623;"Edge 124 to 623";"Mixed"
125;43;"Edge 125 to 43";"Mixed"
125;177;"Edge 125 to 177";"Mixed"
125;774;"Edge 125 to 774";"Mixed"
125;884;"Edge 125 to 884";"Mixed"
126;64;"Edge 126 to 64";"Mixed"
126;189;"Edge 126 to 189";"Mixed"
126;300;"Edge 126 to 300";"Mixed"
127;49;"Edge 127 to 49";"Mixed"
127;724;"Edge 127 to 724";"Mixed"
127;946;"Edge 127 to 946";"Mixed"
128;80;"Edge 128 to 80";"Mixed"
128;143;"Edge 128 to 143";"Mixed"
128;263;"Edge 128 to 263";"Mixed"
128;336;"Edge 128 to 336";"Mixed"
128;627;"Edge 128 to 627";"Mixed"
128;881;"Edge 128 to 881";"Mixed"
129;61;"Edge 129 to 61";"Mixed"
129;603;"Edge 129 to 603";"Mixed"
129;721;"Edge 129 to 721";"Mixed"
129;727;"Edge 129 to 727";"Mixed"
129;966;"Edge 129 to 966";"Mixed"
130;11;"Edge 130 to 11";"Mixed"
130;417;"Edge 130 to 417";"Mixed"
130;862;"Edge 130 to 862";"Mixed"
131;59;"Edge 131 to 59";"Mixed"
131;166;"Edge 131 to 166";"Mixed"
131;182;"Edge 131 to 182";"Mixed"
131;188;"Edge 131 to 188";"Mixed"
131;245;"Edge 131 to 245";"Mixed"
131;436;"Edge 131 to 436";"Mixed"
132;115;"Edge 132 to 115";"Mixed"
132;194;"Edge 132 to 194";"Mixed"
132;343;"Edge 132 to 343";"Mixed"
132;357;"Edge 132 to 357";"Mixed"
133;58;"Edge 133 to 58";"Mixed"
133;165;"Edge 133 to 165";"Mixed"
133;608;"Edge 133 to 608";"Mixed"
134;63;"Edge 134 to 63";"Mixed"
134;270;"Edge 134 to 270";"Mixed"
135;63;"Edge 135 to 63";"Mixed"
135;154;"Edge 135 to 154";"Mixed"
135;162;"Edge 135 to 162";"Mixed"
135;199;"Edge 135 to 199";"Mixed"
135;285;"Edge 135 to 285";"Mixed"
135;485;"Edge 135 to 485";"Mixed"
135;808;"Edge 135 to 808";"Mixed"
136;66;"Edge 136 to 66";"Mixed"
136;210;"Edge 136 to 210";"Mixed"
136;629;"Edge 136 to 629";"Mixed"
137;12;"Edge 137 to 12";"Mixed"
137;160;"Edge 137 to 160";"Mixed"
137;411;"Edge 137 to 411";"Mixed"
137;582;"Edge 137 to 582";"Mixed"
138;122;"Edge 138 to 122";"Mixed"
138;229;"Edge 138 to 229";"Mixed"
138;363;"Edge 138 to 363";"Mixed"
138;702;"Edge 138 to 702";"Mixed"
139;119;"Edge 139 to 119";"Mixed"
139;142;"Edge 139 to 142";"Mixed"
139;547;"Edge 139 to 547";"Mixed"
140;122;"Edge 140 to 122";"Mixed"
140;826;"Edge 140 to 826";"Mixed"
140;935;"Edge 140 to 935";"Mixed"
141;20;"Edge 141 to 20";"Mixed"
141;621;"Edge 141 to 621";"Mixed"
141;671;"Edge 141 to 671";"Mixed"
141;679;"Edge 141 to 679";"Mixed"
141;784;"Edge 141 to 784";"Mixed"
142;139;"Edge 142 to 139";"Mixed"
142;529;"Edge 142 to 529";"Mixed"
142;539;"Edge 142 to 539";"Mixed"
143;128;"Edge 143 to 128";"Mixed"
143;150;"Edge 143 to 150";"Mixed"
143;360;"Edge 143 to 360";"Mixed"
143;498;"Edge 143 to 498";"Mixed"
143;785;"Edge 143 to 785";"Mixed"
144;3;"Edge 144 to 3";"Mixed"
144;483;"Edge 144 to 483";"Mixed"
144;856;"Edge 144 to 856";"Mixed"
145;34;"Edge 145 to 34";"Mixed"
145;730;"Edge 145 to 730";"Mixed"
145;831;"Edge 145 to 831";"Mixed"
146;106;"Edge 146 to 106";"Mixed"
146;606;"Edge 146 to 606";"Mixed"
147;86;"Edge 147 to 86";"Mixed"
148;36;"Edge 148 to 36";"Mixed"
149;2;"Edge 149 to 2";"Mixed"
149;419;"Edge 149 to 419";"Mixed"
149;981;"Edge 149 to 981";"Mixed"
150;143;"Edge 150 to 143";"Mixed"
151;6;"Edge 151 to 6";"Mixed"
151;195;"Edge 151 to 195";"Mixed"
151;365;"Edge 151 to 365";"Mixed"
151;403;"Edge 151 to 403";"Mixed"
152;38;"Edge 152 to 38";"Mixed"
152;362;"Edge 152 to 362";"Mixed"
152;707;"Edge 152 to 707";"Mixed"
152;992;"Edge 152 to 992";"Mixed"
153;124;"Edge 153 to 124";"Mixed"
153;198;"Edge 153 to 198";"Mixed"
153;452;"Edge 153 to 452";"Mixed"
153;921;"Edge 153 to 921";"Mixed"
154;135;"Edge 154 to 135";"Mixed"
154;164;"Edge 154 to 164";"Mixed"
154;434;"Edge 154 to 434";"Mixed"
154;438;"Edge 154 to 438";"Mixed"
154;814;"Edge 154 to 814";"Mixed"
155;55;"Edge 155 to 55";"Mixed"
156;91;"Edge 156 to 91";"Mixed"
156;161;"Edge 156 to 161";"Mixed"
157;102;"Edge 157 to 102";"Mixed"
157;175;"Edge 157 to 175";"Mixed"
157;475;"Edge 157 to 475";"Mixed"
157;693;"Edge 157 to 693";"Mixed"
158;22;"Edge 158 to 22";"Mixed"
158;281;"Edge 158 to 281";"Mixed"
158;677;"Edge 158 to 677";"Mixed"
159;39;"Edge 159 to 39";"Mixed"
159;345;"Edge 159 to 345";"Mixed"
160;137;"Edge 160 to 137";"Mixed"
160;569;"Edge 160 to 569";"Mixed"
160;620;"Edge 160 to 620";"Mixed"
161;156;"Edge 161 to 156";"Mixed"
161;256;"Edge 161 to 256";"Mixed"
161;399;"Edge 161 to 399";"Mixed"
162;135;"Edge 162 to 135";"Mixed"
162;293;"Edge 162 to 293";"Mixed"
163;9;"Edge 163 to 9";"Mixed"
163;495;"Edge 163 to 495";"Mixed"
164;154;"Edge 164 to 154";"Mixed"
164;169;"Edge 164 to 169";"Mixed"
164;548;"Edge 164 to 548";"Mixed"
164;769;"Edge 164 to 769";"Mixed"
164;809;"Edge 164 to 809";"Mixed"
165;133;"Edge 165 to 133";"Mixed"
165;298;"Edge 165 to 298";"Mixed"
165;877;"Edge 165 to 877";"Mixed"
166;131;"Edge 166 to 131";"Mixed"
166;479;"Edge 166 to 479";"Mixed"
167;9;"Edge 167 to 9";"Mixed"
167;585;"Edge 167 to 585";"Mixed"
168;110;"Edge 168 to 110";"Mixed"
168;786;"Edge 168 to 786";"Mixed"
169;164;"Edge 169 to 164";"Mixed"
169;912;"Edge 169 to 912";"Mixed"
170;96;"Edge 170 to 96";"Mixed"
170;240;"Edge 170 to 240";"Mixed"
170;257;"Edge 170 to 257";"Mixed"
170;261;"Edge 170 to 261";"Mixed"
170;649;"Edge 170 to 649";"Mixed"
170;676;"Edge 170 to 676";"Mixed"
171;44;"Edge 171 to 44";"Mixed"
171;179;"Edge 171 to 179";"Mixed"
171;781;"Edge 171 to 781";"Mixed"
172;77;"Edge 172 to 77";"Mixed"
172;204;"Edge 172 to 204";"Mixed"
172;209;"Edge 172 to 209";"Mixed"
172;524;"Edge 172 to 524";"Mixed"
173;17;"Edge 173 to 17";"Mixed"
173;294;"Edge 173 to 294";"Mixed"
173;371;"Edge 173 to 371";"Mixed"
174;5;"Edge 174 to 5";"Mixed"
175;157;"Edge 175 to 157";"Mixed"
176;22;"Edge 176 to 22";"Mixed"
177;125;"Edge 177 to 125";"Mixed"
177;335;"Edge 177 to 335";"Mixed"
177;466;"Edge 177 to 466";"Mixed"
178;7;"Edge 178 to 7";"Mixed"
178;255;"Edge 178 to 255";"Mixed"
178;311;"Edge 178 to 311";"Mixed"
178;375;"Edge 178 to 375";"Mixed"
178;558;"Edge 178 to 558";"Mixed"
178;701;"Edge 178 to 701";"Mixed"
179;171;"Edge 179 to 171";"Mixed"
180;115;"Edge 180 to 115";"Mixed"
180;296;"Edge 180 to 296";"Mixed"
180;349;"Edge 180 to 349";"Mixed"
180;397;"Edge 180 to 397";"Mixed"
180;836;"Edge 180 to 836";"Mixed"
181;39;"Edge 181 to 39";"Mixed"
181;354;"Edge 181 to 354";"Mixed"
182;131;"Edge 182 to 131";"Mixed"
182;193;"Edge 182 to 193";"Mixed"
182;234;"Edge 182 to 234";"Mixed"
182;266;"Edge 182 to 266";"Mixed"
182;636;"Edge 182 to 636";"Mixed"
183;107;"Edge 183 to 107";"Mixed"
183;750;"Edge 183 to 750";"Mixed"
184;17;"Edge 184 to 17";"Mixed"
184;220;"Edge 184 to 220";"Mixed"
184;347;"Edge 184 to 347";"Mixed"
184;372;"Edge 184 to 372";"Mixed"
185;91;"Edge 185 to 91";"Mixed"
185;196;"Edge 185 to 196";"Mixed"
185;807;"Edge 185 to 807";"Mixed"
186;63;"Edge 186 to 63";"Mixed"
187;32;"Edge 187 to 32";"Mixed"
187;262;"Edge 187 to 262";"Mixed"
187;880;"Edge 187 to 880";"Mixed"
188;131;"Edge 188 to 131";"Mixed"
188;320;"Edge 188 to 320";"Mixed"
188;557;"Edge 188 to 557";"Mixed"
189;126;"Edge 189 to 126";"Mixed"
189;655;"Edge 189 to 655";"Mixed"
189;658;"Edge 189 to 658";"Mixed"
189;760;"Edge 189 to 760";"Mixed"
190;82;"Edge 190 to 82";"Mixed"
191;37;"Edge 191 to 37";"Mixed"
191;207;"Edge 191 to 207";"Mixed"
191;215;"Edge 191 to 215";"Mixed"
191;223;"Edge 191 to 223";"Mixed"
192;52;"Edge 192 to 52";"Mixed"
192;874;"Edge 192 to 874";"Mixed"
192;918;"Edge 192 to 918";"Mixed"
193;182;"Edge 193 to 182";"Mixed"
193;307;"Edge 193 to 307";"Mixed"
193;546;"Edge 193 to 546";"Mixed"
194;132;"Edge 194 to 132";"Mixed"
194;222;"Edge 194 to 222";"Mixed"
194;534;"Edge 194 to 534";"Mixed"
195;151;"Edge 195 to 151";"Mixed"
195;346;"Edge 195 to 346";"Mixed"
195;407;"Edge 195 to 407";"Mixed"
195;651;"Edge 195 to 651";"Mixed"
196;185;"Edge 196 to 185";"Mixed"
196;310;"Edge 196 to 310";"Mixed"
196;967;"Edge 196 to 967";"Mixed"
197;53;"Edge 197 to 53";"Mixed"
197;535;"Edge 197 to 535";"Mixed"
198;153;"Edge 198 to 153";"Mixed"
198;203;"Edge 198 to 203";"Mixed"
198;381;"Edge 198 to 381";"Mixed"
198;549;"Edge 198 to 549";"Mixed"
199;135;"Edge 199 to 135";"Mixed"
199;230;"Edge 199 to 230";"Mixed"
199;669;"Edge 199 to 669";"Mixed"
200;76;"Edge 200 to 76";"Mixed"
200;333;"Edge 200 to 333";"Mixed"
200;389;"Edge 200 to 389";"Mixed"
200;408;"Edge 200 to 408";"Mixed"
200;464;"Edge 200 to 464";"Mixed"
201;77;"Edge 201 to 77";"Mixed"
201;243;"Edge 201 to 243";"Mixed"
201;271;"Edge 201 to 271";"Mixed"
201;416;"Edge 201 to 416";"Mixed"
202;95;"Edge 202 to 95";"Mixed"
203;198;"Edge 203 to 198";"Mixed"
203;533;"Edge 203 to 533";"Mixed"
204;172;"Edge 204 to 172";"Mixed"
204;206;"Edge 204 to 206";"Mixed"
204;236;"Edge 204 to 236";"Mixed"
204;268;"Edge 204 to 268";"Mixed"
205;95;"Edge 205 to 95";"Mixed"
205;502;"Edge 205 to 502";"Mixed"
206;204;"Edge 206 to 204";"Mixed"
207;191;"Edge 207 to 191";"Mixed"
207;330;"Edge 207 to 330";"Mixed"
208;118;"Edge 208 to 118";"Mixed"
208;461;"Edge 208 to 461";"Mixed"
209;172;"Edge 209 to 172";"Mixed"
210;136;"Edge 210 to 136";"Mixed"
210;309;"Edge 210 to 309";"Mixed"
210;383;"Edge 210 to 383";"Mixed"
211;101;"Edge 211 to 101";"Mixed"
211;291;"Edge 211 to 291";"Mixed"
212;4;"Edge 212 to 4";"Mixed"
212;770;"Edge 212 to 770";"Mixed"
213;100;"Edge 213 to 100";"Mixed"
213;217;"Edge 213 to 217";"Mixed"
213;313;"Edge 213 to 313";"Mixed"
214;13;"Edge 214 to 13";"Mixed"
214;630;"Edge 214 to 630";"Mixed"
215;191;"Edge 215 to 191";"Mixed"
216;95;"Edge 216 to 95";"Mixed"
216;241;"Edge 216 to 241";"Mixed"
217;213;"Edge 217 to 213";"Mixed"
218;56;"Edge 218 to 56";"Mixed"
218;748;"Edge 218 to 748";"Mixed"
219;119;"Edge 219 to 119";"Mixed"
219;251;"Edge 219 to 251";"Mixed"
219;462;"Edge 219 to 462";"Mixed"
219;842;"Edge 219 to 842";"Mixed"
220;184;"Edge 220 to 184";"Mixed"
220;331;"Edge 220 to 331";"Mixed"
221;45;"Edge 221 to 45";"Mixed"
222;194;"Edge 222 to 194";"Mixed"
222;324;"Edge 222 to 324";"Mixed"
223;191;"Edge 223 to 191";"Mixed"
223;239;"Edge 223 to 239";"Mixed"
223;249;"Edge 223 to 249";"Mixed"
223;431;"Edge 223 to 431";"Mixed"
224;49;"Edge 224 to 49";"Mixed"
224;447;"Edge 224 to 447";"Mixed"
225;107;"Edge 225 to 107";"Mixed"
225;694;"Edge 225 to 694";"Mixed"
225;828;"Edge 225 to 828";"Mixed"
226;106;"Edge 226 to 106";"Mixed"
226;454;"Edge 226 to 454";"Mixed"
227;114;"Edge 227 to 114";"Mixed"
228;31;"Edge 228 to 31";"Mixed"
228;876;"Edge 228 to 876";"Mixed"
229;138;"Edge 229 to 138";"Mixed"
229;605;"Edge 229 to 605";"Mixed"
230;199;"Edge 230 to 199";"Mixed"
230;604;"Edge 230 to 604";"Mixed"
230;660;"Edge 230 to 660";"Mixed"
231;106;"Edge 231 to 106";"Mixed"
232;79;"Edge 232 to 79";"Mixed"
232;380;"Edge 232 to 380";"Mixed"
233;123;"Edge 233 to 123";"Mixed"
233;341;"Edge 233 to 341";"Mixed"
234;182;"Edge 234 to 182";"Mixed"
234;377;"Edge 234 to 377";"Mixed"
234;691;"Edge 234 to 691";"Mixed"
235;66;"Edge 235 to 66";"Mixed"
235;393;"Edge 235 to 393";"Mixed"
236;204;"Edge 236 to 204";"Mixed"
236;612;"Edge 236 to 612";"Mixed"
237;57;"Edge 237 to 57";"Mixed"
237;506;"Edge 237 to 506";"Mixed"
238;114;"Edge 238 to 114";"Mixed"
239;223;"Edge 239 to 223";"Mixed"
239;352;"Edge 239 to 352";"Mixed"
239;541;"Edge 239 to 541";"Mixed"
240;170;"Edge 240 to 170";"Mixed"
241;216;"Edge 241 to 216";"Mixed"
241;338;"Edge 241 to 338";"Mixed"
241;586;"Edge 241 to 586";"Mixed"
242;81;"Edge 242 to 81";"Mixed"
242;292;"Edge 242 to 292";"Mixed"
242;812;"Edge 242 to 812";"Mixed"
243;201;"Edge 243 to 201";"Mixed"
243;279;"Edge 243 to 279";"Mixed"
244;89;"Edge 244 to 89";"Mixed"
244;435;"Edge 244 to 435";"Mixed"
244;740;"Edge 244 to 740";"Mixed"
245;131;"Edge 245 to 131";"Mixed"
245;332;"Edge 245 to 332";"Mixed"
245;639;"Edge 245 to 639";"Mixed"
246;17;"Edge 246 to 17";"Mixed"
246;376;"Edge 246 to 376";"Mixed"
246;709;"Edge 246 to 709";"Mixed"
247;17;"Edge 247 to 17";"Mixed"
247;264;"Edge 247 to 264";"Mixed"
247;472;"Edge 247 to 472";"Mixed"
247;488;"Edge 247 to 488";"Mixed"
247;988;"Edge 247 to 988";"Mixed"
248;31;"Edge 248 to 31";"Mixed"
248;945;"Edge 248 to 945";"Mixed"
249;223;"Edge 249 to 223";"Mixed"
249;275;"Edge 249 to 275";"Mixed"
249;477;"Edge 249 to 477";"Mixed"
249;632;"Edge 249 to 632";"Mixed"
250;30;"Edge 250 to 30";"Mixed"
251;219;"Edge 251 to 219";"Mixed"
251;564;"Edge 251 to 564";"Mixed"
252;11;"Edge 252 to 11";"Mixed"
252;425;"Edge 252 to 425";"Mixed"
252;457;"Edge 252 to 457";"Mixed"
253;20;"Edge 253 to 20";"Mixed"
253;317;"Edge 253 to 317";"Mixed"
253;396;"Edge 253 to 396";"Mixed"
254;116;"Edge 254 to 116";"Mixed"
254;598;"Edge 254 to 598";"Mixed"
255;178;"Edge 255 to 178";"Mixed"
255;306;"Edge 255 to 306";"Mixed"
255;342;"Edge 255 to 342";"Mixed"
255;634;"Edge 255 to 634";"Mixed"
255;902;"Edge 255 to 902";"Mixed"
256;161;"Edge 256 to 161";"Mixed"
256;665;"Edge 256 to 665";"Mixed"
257;170;"Edge 257 to 170";"Mixed"
257;430;"Edge 257 to 430";"Mixed"
257;766;"Edge 257 to 766";"Mixed"
258;121;"Edge 258 to 121";"Mixed"
258;449;"Edge 258 to 449";"Mixed"
259;18;"Edge 259 to 18";"Mixed"
259;267;"Edge 259 to 267";"Mixed"
259;687;"Edge 259 to 687";"Mixed"
259;891;"Edge 259 to 891";"Mixed"
260;80;"Edge 260 to 80";"Mixed"
260;328;"Edge 260 to 328";"Mixed"
260;648;"Edge 260 to 648";"Mixed"
261;170;"Edge 261 to 170";"Mixed"
261;340;"Edge 261 to 340";"Mixed"
261;384;"Edge 261 to 384";"Mixed"
261;909;"Edge 261 to 909";"Mixed"
262;187;"Edge 262 to 187";"Mixed"
262;284;"Edge 262 to 284";"Mixed"
262;503;"Edge 262 to 503";"Mixed"
262;576;"Edge 262 to 576";"Mixed"
263;128;"Edge 263 to 128";"Mixed"
263;305;"Edge 263 to 305";"Mixed"
264;247;"Edge 264 to 247";"Mixed"
264;653;"Edge 264 to 653";"Mixed"
264;900;"Edge 264 to 900";"Mixed"
265;31;"Edge 265 to 31";"Mixed"
265;312;"Edge 265 to 312";"Mixed"
265;412;"Edge 265 to 412";"Mixed"
265;747;"Edge 265 to 747";"Mixed"
266;182;"Edge 266 to 182";"Mixed"
266;970;"Edge 266 to 970";"Mixed"
267;259;"Edge 267 to 259";"Mixed"
267;697;"Edge 267 to 697";"Mixed"
268;204;"Edge 268 to 204";"Mixed"
269;108;"Edge 269 to 108";"Mixed"
269;366;"Edge 269 to 366";"Mixed"
269;704;"Edge 269 to 704";"Mixed"
270;134;"Edge 270 to 134";"Mixed"
270;536;"Edge 270 to 536";"Mixed"
271;201;"Edge 271 to 201";"Mixed"
271;642;"Edge 271 to 642";"Mixed"
272;25;"Edge 272 to 25";"Mixed"
272;802;"Edge 272 to 802";"Mixed"
273;106;"Edge 273 to 106";"Mixed"
273;458;"Edge 273 to 458";"Mixed"
274;49;"Edge 274 to 49";"Mixed"
274;715;"Edge 274 to 715";"Mixed"
275;249;"Edge 275 to 249";"Mixed"
275;276;"Edge 275 to 276";"Mixed"
275;937;"Edge 275 to 937";"Mixed"
276;275;"Edge 276 to 275";"Mixed"
276;280;"Edge 276 to 280";"Mixed"
276;480;"Edge 276 to 480";"Mixed"
276;692;"Edge 276 to 692";"Mixed"
277;11;"Edge 277 to 11";"Mixed"
277;278;"Edge 277 to 278";"Mixed"
277;972;"Edge 277 to 972";"Mixed"
278;277;"Edge 278 to 277";"Mixed"
279;243;"Edge 279 to 243";"Mixed"
279;486;"Edge 279 to 486";"Mixed"
280;276;"Edge 280 to 276";"Mixed"
280;400;"Edge 280 to 400";"Mixed"
280;875;"Edge 280 to 875";"Mixed"
281;158;"Edge 281 to 158";"Mixed"
281;287;"Edge 281 to 287";"Mixed"
281;513;"Edge 281 to 513";"Mixed"
282;95;"Edge 282 to 95";"Mixed"
283;4;"Edge 283 to 4";"Mixed"
283;525;"Edge 283 to 525";"Mixed"
284;262;"Edge 284 to 262";"Mixed"
285;135;"Edge 285 to 135";"Mixed"
285;288;"Edge 285 to 288";"Mixed"
285;949;"Edge 285 to 949";"Mixed"
286;89;"Edge 286 to 89";"Mixed"
287;281;"Edge 287 to 281";"Mixed"
288;285;"Edge 288 to 285";"Mixed"
288;303;"Edge 288 to 303";"Mixed"
288;388;"Edge 288 to 388";"Mixed"
288;394;"Edge 288 to 394";"Mixed"
289;123;"Edge 289 to 123";"Mixed"
290;56;"Edge 290 to 56";"Mixed"
290;321;"Edge 290 to 321";"Mixed"
291;211;"Edge 291 to 211";"Mixed"
291;590;"Edge 291 to 590";"Mixed"
292;242;"Edge 292 to 242";"Mixed"
292;516;"Edge 292 to 516";"Mixed"
293;162;"Edge 293 to 162";"Mixed"
293;580;"Edge 293 to 580";"Mixed"
294;173;"Edge 294 to 173";"Mixed"
294;602;"Edge 294 to 602";"Mixed"
294;706;"Edge 294 to 706";"Mixed"
295;16;"Edge 295 to 16";"Mixed"
295;392;"Edge 295 to 392";"Mixed"
296;180;"Edge 296 to 180";"Mixed"
297;121;"Edge 297 to 121";"Mixed"
297;327;"Edge 297 to 327";"Mixed"
297;432;"Edge 297 to 432";"Mixed"
297;619;"Edge 297 to 619";"Mixed"
298;165;"Edge 298 to 165";"Mixed"
298;517;"Edge 298 to 517";"Mixed"
298;744;"Edge 298 to 744";"Mixed"
299;51;"Edge 299 to 51";"Mixed"
299;903;"Edge 299 to 903";"Mixed"
300;126;"Edge 300 to 126";"Mixed"
300;323;"Edge 300 to 323";"Mixed"
300;565;"Edge 300 to 565";"Mixed"
301;48;"Edge 301 to 48";"Mixed"
301;344;"Edge 301 to 344";"Mixed"
301;567;"Edge 301 to 567";"Mixed"
301;835;"Edge 301 to 835";"Mixed"
302;6;"Edge 302 to 6";"Mixed"
302;356;"Edge 302 to 356";"Mixed"
303;288;"Edge 303 to 288";"Mixed"
304;10;"Edge 304 to 10";"Mixed"
304;401;"Edge 304 to 401";"Mixed"
304;428;"Edge 304 to 428";"Mixed"
304;456;"Edge 304 to 456";"Mixed"
305;263;"Edge 305 to 263";"Mixed"
305;542;"Edge 305 to 542";"Mixed"
306;255;"Edge 306 to 255";"Mixed"
306;559;"Edge 306 to 559";"Mixed"
307;193;"Edge 307 to 193";"Mixed"
308;117;"Edge 308 to 117";"Mixed"
308;334;"Edge 308 to 334";"Mixed"
308;423;"Edge 308 to 423";"Mixed"
309;210;"Edge 309 to 210";"Mixed"
309;314;"Edge 309 to 314";"Mixed"
309;538;"Edge 309 to 538";"Mixed"
309;994;"Edge 309 to 994";"Mixed"
310;196;"Edge 310 to 196";"Mixed"
310;859;"Edge 310 to 859";"Mixed"
311;178;"Edge 311 to 178";"Mixed"
311;439;"Edge 311 to 439";"Mixed"
312;265;"Edge 312 to 265";"Mixed"
313;213;"Edge 313 to 213";"Mixed"
314;309;"Edge 314 to 309";"Mixed"
315;79;"Edge 315 to 79";"Mixed"
315;418;"Edge 315 to 418";"Mixed"
316;27;"Edge 316 to 27";"Mixed"
316;515;"Edge 316 to 515";"Mixed"
316;743;"Edge 316 to 743";"Mixed"
316;745;"Edge 316 to 745";"Mixed"
317;253;"Edge 317 to 253";"Mixed"
317;607;"Edge 317 to 607";"Mixed"
317;690;"Edge 317 to 690";"Mixed"
317;927;"Edge 317 to 927";"Mixed"
318;45;"Edge 318 to 45";"Mixed"
319;112;"Edge 319 to 112";"Mixed"
319;544;"Edge 319 to 544";"Mixed"
320;188;"Edge 320 to 188";"Mixed"
320;592;"Edge 320 to 592";"Mixed"
320;631;"Edge 320 to 631";"Mixed"
321;290;"Edge 321 to 290";"Mixed"
321;755;"Edge 321 to 755";"Mixed"
321;827;"Edge 321 to 827";"Mixed"
322;53;"Edge 322 to 53";"Mixed"
323;300;"Edge 323 to 300";"Mixed"
323;646;"Edge 323 to 646";"Mixed"
324;222;"Edge 324 to 222";"Mixed"
325;85;"Edge 325 to 85";"Mixed"
325;682;"Edge 325 to 682";"Mixed"
326;81;"Edge 326 to 81";"Mixed"
326;954;"Edge 326 to 954";"Mixed"
327;297;"Edge 327 to 297";"Mixed"
328;260;"Edge 328 to 260";"Mixed"
328;955;"Edge 328 to 955";"Mixed"
329;59;"Edge 329 to 59";"Mixed"
329;382;"Edge 329 to 382";"Mixed"
329;398;"Edge 329 to 398";"Mixed"
330;207;"Edge 330 to 207";"Mixed"
330;553;"Edge 330 to 553";"Mixed"
331;220;"Edge 331 to 220";"Mixed"
332;245;"Edge 332 to 245";"Mixed"
332;716;"Edge 332 to 716";"Mixed"
332;772;"Edge 332 to 772";"Mixed"
333;200;"Edge 333 to 200";"Mixed"
333;926;"Edge 333 to 926";"Mixed"
334;308;"Edge 334 to 308";"Mixed"
334;373;"Edge 334 to 373";"Mixed"
335;177;"Edge 335 to 177";"Mixed"
335;601;"Edge 335 to 601";"Mixed"
336;128;"Edge 336 to 128";"Mixed"
337;83;"Edge 337 to 83";"Mixed"
337;767;"Edge 337 to 767";"Mixed"
338;241;"Edge 338 to 241";"Mixed"
338;700;"Edge 338 to 700";"Mixed"
339;85;"Edge 339 to 85";"Mixed"
340;261;"Edge 340 to 261";"Mixed"
341;233;"Edge 341 to 233";"Mixed"
342;255;"Edge 342 to 255";"Mixed"
343;132;"Edge 343 to 132";"Mixed"
344;301;"Edge 344 to 301";"Mixed"
345;159;"Edge 345 to 159";"Mixed"
345;789;"Edge 345 to 789";"Mixed"
345;982;"Edge 345 to 982";"Mixed"
346;195;"Edge 346 to 195";"Mixed"
346;445;"Edge 346 to 445";"Mixed"
346;467;"Edge 346 to 467";"Mixed"
346;668;"Edge 346 to 668";"Mixed"
346;905;"Edge 346 to 905";"Mixed"
347;184;"Edge 347 to 184";"Mixed"
347;437;"Edge 347 to 437";"Mixed"
347;571;"Edge 347 to 571";"Mixed"
348;110;"Edge 348 to 110";"Mixed"
348;471;"Edge 348 to 471";"Mixed"
348;507;"Edge 348 to 507";"Mixed"
348;908;"Edge 348 to 908";"Mixed"
349;180;"Edge 349 to 180";"Mixed"
349;406;"Edge 349 to 406";"Mixed"
349;599;"Edge 349 to 599";"Mixed"
350;72;"Edge 350 to 72";"Mixed"
350;711;"Edge 350 to 711";"Mixed"
351;19;"Edge 351 to 19";"Mixed"
352;239;"Edge 352 to 239";"Mixed"
352;938;"Edge 352 to 938";"Mixed"
353;33;"Edge 353 to 33";"Mixed"
353;410;"Edge 353 to 410";"Mixed"
354;181;"Edge 354 to 181";"Mixed"
355;112;"Edge 355 to 112";"Mixed"
355;359;"Edge 355 to 359";"Mixed"
355;421;"Edge 355 to 421";"Mixed"
355;617;"Edge 355 to 617";"Mixed"
356;302;"Edge 356 to 302";"Mixed"
356;695;"Edge 356 to 695";"Mixed"
357;132;"Edge 357 to 132";"Mixed"
357;358;"Edge 357 to 358";"Mixed"
358;357;"Edge 358 to 357";"Mixed"
358;364;"Edge 358 to 364";"Mixed"
359;355;"Edge 359 to 355";"Mixed"
359;509;"Edge 359 to 509";"Mixed"
360;143;"Edge 360 to 143";"Mixed"
360;500;"Edge 360 to 500";"Mixed"
360;729;"Edge 360 to 729";"Mixed"
360;980;"Edge 360 to 980";"Mixed"
361;24;"Edge 361 to 24";"Mixed"
361;368;"Edge 361 to 368";"Mixed"
361;583;"Edge 361 to 583";"Mixed"
361;616;"Edge 361 to 616";"Mixed"
362;152;"Edge 362 to 152";"Mixed"
363;138;"Edge 363 to 138";"Mixed"
364;358;"Edge 364 to 358";"Mixed"
365;151;"Edge 365 to 151";"Mixed"
365;947;"Edge 365 to 947";"Mixed"
366;269;"Edge 366 to 269";"Mixed"
366;532;"Edge 366 to 532";"Mixed"
367;28;"Edge 367 to 28";"Mixed"
367;501;"Edge 367 to 501";"Mixed"
368;361;"Edge 368 to 361";"Mixed"
369;9;"Edge 369 to 9";"Mixed"
369;863;"Edge 369 to 863";"Mixed"
370;52;"Edge 370 to 52";"Mixed"
371;173;"Edge 371 to 173";"Mixed"
371;469;"Edge 371 to 469";"Mixed"
372;184;"Edge 372 to 184";"Mixed"
372;420;"Edge 372 to 420";"Mixed"
373;334;"Edge 373 to 334";"Mixed"
373;776;"Edge 373 to 776";"Mixed"
374;101;"Edge 374 to 101";"Mixed"
374;531;"Edge 374 to 531";"Mixed"
375;178;"Edge 375 to 178";"Mixed"
375;610;"Edge 375 to 610";"Mixed"
376;246;"Edge 376 to 246";"Mixed"
376;442;"Edge 376 to 442";"Mixed"
376;848;"Edge 376 to 848";"Mixed"
377;234;"Edge 377 to 234";"Mixed"
378;78;"Edge 378 to 78";"Mixed"
378;433;"Edge 378 to 433";"Mixed"
379;11;"Edge 379 to 11";"Mixed"
380;232;"Edge 380 to 232";"Mixed"
380;415;"Edge 380 to 415";"Mixed"
380;496;"Edge 380 to 496";"Mixed"
380;890;"Edge 380 to 890";"Mixed"
381;198;"Edge 381 to 198";"Mixed"
382;329;"Edge 382 to 329";"Mixed"
382;493;"Edge 382 to 493";"Mixed"
382;656;"Edge 382 to 656";"Mixed"
382;703;"Edge 382 to 703";"Mixed"
382;803;"Edge 382 to 803";"Mixed"
383;210;"Edge 383 to 210";"Mixed"
383;465;"Edge 383 to 465";"Mixed"
383;566;"Edge 383 to 566";"Mixed"
384;261;"Edge 384 to 261";"Mixed"
384;510;"Edge 384 to 510";"Mixed"
384;633;"Edge 384 to 633";"Mixed"
385;31;"Edge 385 to 31";"Mixed"
386;19;"Edge 386 to 19";"Mixed"
387;15;"Edge 387 to 15";"Mixed"
388;288;"Edge 388 to 288";"Mixed"
388;391;"Edge 388 to 391";"Mixed"
388;550;"Edge 388 to 550";"Mixed"
389;200;"Edge 389 to 200";"Mixed"
389;476;"Edge 389 to 476";"Mixed"
390;102;"Edge 390 to 102";"Mixed"
390;570;"Edge 390 to 570";"Mixed"
390;638;"Edge 390 to 638";"Mixed"
390;732;"Edge 390 to 732";"Mixed"
391;388;"Edge 391 to 388";"Mixed"
391;508;"Edge 391 to 508";"Mixed"
391;775;"Edge 391 to 775";"Mixed"
392;295;"Edge 392 to 295";"Mixed"
392;718;"Edge 392 to 718";"Mixed"
393;235;"Edge 393 to 235";"Mixed"
393;413;"Edge 393 to 413";"Mixed"
394;288;"Edge 394 to 288";"Mixed"
395;38;"Edge 395 to 38";"Mixed"
396;253;"Edge 396 to 253";"Mixed"
396;455;"Edge 396 to 455";"Mixed"
396;600;"Edge 396 to 600";"Mixed"
397;180;"Edge 397 to 180";"Mixed"
397;751;"Edge 397 to 751";"Mixed"
398;329;"Edge 398 to 329";"Mixed"
399;161;"Edge 399 to 161";"Mixed"
399;470;"Edge 399 to 470";"Mixed"
399;491;"Edge 399 to 491";"Mixed"
399;728;"Edge 399 to 728";"Mixed"
400;280;"Edge 400 to 280";"Mixed"
401;304;"Edge 401 to 304";"Mixed"
402;112;"Edge 402 to 112";"Mixed"
402;441;"Edge 402 to 441";"Mixed"
403;151;"Edge 403 to 151";"Mixed"
403;780;"Edge 403 to 780";"Mixed"
404;123;"Edge 404 to 123";"Mixed"
404;409;"Edge 404 to 409";"Mixed"
404;563;"Edge 404 to 563";"Mixed"
404;844;"Edge 404 to 844";"Mixed"
405;98;"Edge 405 to 98";"Mixed"
406;349;"Edge 406 to 349";"Mixed"
407;195;"Edge 407 to 195";"Mixed"
408;200;"Edge 408 to 200";"Mixed"
408;596;"Edge 408 to 596";"Mixed"
409;404;"Edge 409 to 404";"Mixed"
409;519;"Edge 409 to 519";"Mixed"
410;353;"Edge 410 to 353";"Mixed"
410;579;"Edge 410 to 579";"Mixed"
410;719;"Edge 410 to 719";"Mixed"
411;137;"Edge 411 to 137";"Mixed"
412;265;"Edge 412 to 265";"Mixed"
412;426;"Edge 412 to 426";"Mixed"
412;505;"Edge 412 to 505";"Mixed"
412;578;"Edge 412 to 578";"Mixed"
413;393;"Edge 413 to 393";"Mixed"
413;839;"Edge 413 to 839";"Mixed"
413;977;"Edge 413 to 977";"Mixed"
414;104;"Edge 414 to 104";"Mixed"
414;726;"Edge 414 to 726";"Mixed"
415;380;"Edge 415 to 380";"Mixed"
415;846;"Edge 415 to 846";"Mixed"
416;201;"Edge 416 to 201";"Mixed"
417;130;"Edge 417 to 130";"Mixed"
417;543;"Edge 417 to 543";"Mixed"
417;762;"Edge 417 to 762";"Mixed"
418;315;"Edge 418 to 315";"Mixed"
418;562;"Edge 418 to 562";"Mixed"
419;149;"Edge 419 to 149";"Mixed"
419;824;"Edge 419 to 824";"Mixed"
420;372;"Edge 420 to 372";"Mixed"
421;355;"Edge 421 to 355";"Mixed"
421;951;"Edge 421 to 951";"Mixed"
422;106;"Edge 422 to 106";"Mixed"
423;308;"Edge 423 to 308";"Mixed"
424;92;"Edge 424 to 92";"Mixed"
424;504;"Edge 424 to 504";"Mixed"
424;895;"Edge 424 to 895";"Mixed"
425;252;"Edge 425 to 252";"Mixed"
426;412;"Edge 426 to 412";"Mixed"
426;896;"Edge 426 to 896";"Mixed"
427;81;"Edge 427 to 81";"Mixed"
427;804;"Edge 427 to 804";"Mixed"
427;928;"Edge 427 to 928";"Mixed"
428;304;"Edge 428 to 304";"Mixed"
428;883;"Edge 428 to 883";"Mixed"
429;51;"Edge 429 to 51";"Mixed"
429;678;"Edge 429 to 678";"Mixed"
430;257;"Edge 430 to 257";"Mixed"
430;484;"Edge 430 to 484";"Mixed"
430;667;"Edge 430 to 667";"Mixed"
431;223;"Edge 431 to 223";"Mixed"
431;520;"Edge 431 to 520";"Mixed"
431;526;"Edge 431 to 526";"Mixed"
431;771;"Edge 431 to 771";"Mixed"
432;297;"Edge 432 to 297";"Mixed"
433;378;"Edge 433 to 378";"Mixed"
433;886;"Edge 433 to 886";"Mixed"
433;956;"Edge 433 to 956";"Mixed"
434;154;"Edge 434 to 154";"Mixed"
434;482;"Edge 434 to 482";"Mixed"
434;523;"Edge 434 to 523";"Mixed"
435;244;"Edge 435 to 244";"Mixed"
436;131;"Edge 436 to 131";"Mixed"
437;347;"Edge 437 to 347";"Mixed"
438;154;"Edge 438 to 154";"Mixed"
439;311;"Edge 439 to 311";"Mixed"
440;72;"Edge 440 to 72";"Mixed"
440;589;"Edge 440 to 589";"Mixed"
440;843;"Edge 440 to 843";"Mixed"
441;402;"Edge 441 to 402";"Mixed"
441;733;"Edge 441 to 733";"Mixed"
442;376;"Edge 442 to 376";"Mixed"
442;511;"Edge 442 to 511";"Mixed"
442;675;"Edge 442 to 675";"Mixed"
443;83;"Edge 443 to 83";"Mixed"
443;468;"Edge 443 to 468";"Mixed"
443;889;"Edge 443 to 889";"Mixed"
444;25;"Edge 444 to 25";"Mixed"
445;346;"Edge 445 to 346";"Mixed"
446;13;"Edge 446 to 13";"Mixed"
446;790;"Edge 446 to 790";"Mixed"
447;224;"Edge 447 to 224";"Mixed"
447;754;"Edge 447 to 754";"Mixed"
447;996;"Edge 447 to 996";"Mixed"
448;78;"Edge 448 to 78";"Mixed"
449;258;"Edge 449 to 258";"Mixed"
450;69;"Edge 450 to 69";"Mixed"
450;494;"Edge 450 to 494";"Mixed"
451;65;"Edge 451 to 65";"Mixed"
451;459;"Edge 451 to 459";"Mixed"
451;518;"Edge 451 to 518";"Mixed"
452;153;"Edge 452 to 153";"Mixed"
453;3;"Edge 453 to 3";"Mixed"
453;555;"Edge 453 to 555";"Mixed"
453;942;"Edge 453 to 942";"Mixed"
454;226;"Edge 454 to 226";"Mixed"
454;901;"Edge 454 to 901";"Mixed"
455;396;"Edge 455 to 396";"Mixed"
456;304;"Edge 456 to 304";"Mixed"
457;252;"Edge 457 to 252";"Mixed"
457;984;"Edge 457 to 984";"Mixed"
458;273;"Edge 458 to 273";"Mixed"
459;451;"Edge 459 to 451";"Mixed"
459;581;"Edge 459 to 581";"Mixed"
459;800;"Edge 459 to 800";"Mixed"
460;99;"Edge 460 to 99";"Mixed"
461;208;"Edge 461 to 208";"Mixed"
462;219;"Edge 462 to 219";"Mixed"
463;116;"Edge 463 to 116";"Mixed"
464;200;"Edge 464 to 200";"Mixed"
465;383;"Edge 465 to 383";"Mixed"
466;177;"Edge 466 to 177";"Mixed"
466;664;"Edge 466 to 664";"Mixed"
467;346;"Edge 467 to 346";"Mixed"
467;865;"Edge 467 to 865";"Mixed"
467;934;"Edge 467 to 934";"Mixed"
468;443;"Edge 468 to 443";"Mixed"
469;371;"Edge 469 to 371";"Mixed"
469;545;"Edge 469 to 545";"Mixed"
470;399;"Edge 470 to 399";"Mixed"
471;348;"Edge 471 to 348";"Mixed"
471;560;"Edge 471 to 560";"Mixed"
471;735;"Edge 471 to 735";"Mixed"
472;247;"Edge 472 to 247";"Mixed"
472;497;"Edge 472 to 497";"Mixed"
473;98;"Edge 473 to 98";"Mixed"
473;959;"Edge 473 to 959";"Mixed"
474;53;"Edge 474 to 53";"Mixed"
474;540;"Edge 474 to 540";"Mixed"
474;851;"Edge 474 to 851";"Mixed"
475;157;"Edge 475 to 157";"Mixed"
476;389;"Edge 476 to 389";"Mixed"
477;249;"Edge 477 to 249";"Mixed"
477;659;"Edge 477 to 659";"Mixed"
477;929;"Edge 477 to 929";"Mixed"
478;58;"Edge 478 to 58";"Mixed"
478;708;"Edge 478 to 708";"Mixed"
479;166;"Edge 479 to 166";"Mixed"
479;556;"Edge 479 to 556";"Mixed"
479;577;"Edge 479 to 577";"Mixed"
480;276;"Edge 480 to 276";"Mixed"
481;96;"Edge 481 to 96";"Mixed"
481;763;"Edge 481 to 763";"Mixed"
482;434;"Edge 482 to 434";"Mixed"
483;144;"Edge 483 to 144";"Mixed"
483;698;"Edge 483 to 698";"Mixed"
484;430;"Edge 484 to 430";"Mixed"
484;764;"Edge 484 to 764";"Mixed"
485;135;"Edge 485 to 135";"Mixed"
486;279;"Edge 486 to 279";"Mixed"
486;594;"Edge 486 to 594";"Mixed"
486;757;"Edge 486 to 757";"Mixed"
487;8;"Edge 487 to 8";"Mixed"
487;910;"Edge 487 to 910";"Mixed"
488;247;"Edge 488 to 247";"Mixed"
488;613;"Edge 488 to 613";"Mixed"
489;32;"Edge 489 to 32";"Mixed"
490;115;"Edge 490 to 115";"Mixed"
491;399;"Edge 491 to 399";"Mixed"
492;27;"Edge 492 to 27";"Mixed"
492;974;"Edge 492 to 974";"Mixed"
493;382;"Edge 493 to 382";"Mixed"
494;450;"Edge 494 to 450";"Mixed"
495;163;"Edge 495 to 163";"Mixed"
495;512;"Edge 495 to 512";"Mixed"
496;380;"Edge 496 to 380";"Mixed"
497;472;"Edge 497 to 472";"Mixed"
497;552;"Edge 497 to 552";"Mixed"
497;736;"Edge 497 to 736";"Mixed"
498;143;"Edge 498 to 143";"Mixed"
498;717;"Edge 498 to 717";"Mixed"
498;879;"Edge 498 to 879";"Mixed"
499;71;"Edge 499 to 71";"Mixed"
500;360;"Edge 500 to 360";"Mixed"
500;618;"Edge 500 to 618";"Mixed"
500;689;"Edge 500 to 689";"Mixed"
501;367;"Edge 501 to 367";"Mixed"
501;625;"Edge 501 to 625";"Mixed"
501;799;"Edge 501 to 799";"Mixed"
502;205;"Edge 502 to 205";"Mixed"
503;262;"Edge 503 to 262";"Mixed"
503;572;"Edge 503 to 572";"Mixed"
504;424;"Edge 504 to 424";"Mixed"
505;412;"Edge 505 to 412";"Mixed"
505;773;"Edge 505 to 773";"Mixed"
506;237;"Edge 506 to 237";"Mixed"
506;561;"Edge 506 to 561";"Mixed"
507;348;"Edge 507 to 348";"Mixed"
507;993;"Edge 507 to 993";"Mixed"
508;391;"Edge 508 to 391";"Mixed"
508;521;"Edge 508 to 521";"Mixed"
508;662;"Edge 508 to 662";"Mixed"
509;359;"Edge 509 to 359";"Mixed"
510;384;"Edge 510 to 384";"Mixed"
511;442;"Edge 511 to 442";"Mixed"
511;845;"Edge 511 to 845";"Mixed"
512;495;"Edge 512 to 495";"Mixed"
513;281;"Edge 513 to 281";"Mixed"
514;55;"Edge 514 to 55";"Mixed"
514;624;"Edge 514 to 624";"Mixed"
515;316;"Edge 515 to 316";"Mixed"
516;292;"Edge 516 to 292";"Mixed"
517;298;"Edge 517 to 298";"Mixed"
518;451;"Edge 518 to 451";"Mixed"
519;409;"Edge 519 to 409";"Mixed"
520;431;"Edge 520 to 431";"Mixed"
521;508;"Edge 521 to 508";"Mixed"
521;615;"Edge 521 to 615";"Mixed"
522;38;"Edge 522 to 38";"Mixed"
523;434;"Edge 523 to 434";"Mixed"
524;172;"Edge 524 to 172";"Mixed"
524;609;"Edge 524 to 609";"Mixed"
525;283;"Edge 525 to 283";"Mixed"
525;688;"Edge 525 to 688";"Mixed"
526;431;"Edge 526 to 431";"Mixed"
527;41;"Edge 527 to 41";"Mixed"
527;530;"Edge 527 to 530";"Mixed"
528;124;"Edge 528 to 124";"Mixed"
529;142;"Edge 529 to 142";"Mixed"
530;527;"Edge 530 to 527";"Mixed"
530;806;"Edge 530 to 806";"Mixed"
531;374;"Edge 531 to 374";"Mixed"
531;758;"Edge 531 to 758";"Mixed"
532;366;"Edge 532 to 366";"Mixed"
533;203;"Edge 533 to 203";"Mixed"
533;832;"Edge 533 to 832";"Mixed"
534;194;"Edge 534 to 194";"Mixed"
535;197;"Edge 535 to 197";"Mixed"
535;761;"Edge 535 to 761";"Mixed"
536;270;"Edge 536 to 270";"Mixed"
537;111;"Edge 537 to 111";"Mixed"
537;933;"Edge 537 to 933";"Mixed"
538;309;"Edge 538 to 309";"Mixed"
538;626;"Edge 538 to 626";"Mixed"
539;142;"Edge 539 to 142";"Mixed"
540;474;"Edge 540 to 474";"Mixed"
541;239;"Edge 541 to 239";"Mixed"
542;305;"Edge 542 to 305";"Mixed"
543;417;"Edge 543 to 417";"Mixed"
543;722;"Edge 543 to 722";"Mixed"
544;319;"Edge 544 to 319";"Mixed"
545;469;"Edge 545 to 469";"Mixed"
546;193;"Edge 546 to 193";"Mixed"
547;139;"Edge 547 to 139";"Mixed"
548;164;"Edge 548 to 164";"Mixed"
548;587;"Edge 548 to 587";"Mixed"
548;797;"Edge 548 to 797";"Mixed"
548;837;"Edge 548 to 837";"Mixed"
549;198;"Edge 549 to 198";"Mixed"
549;931;"Edge 549 to 931";"Mixed"
550;388;"Edge 550 to 388";"Mixed"
551;4;"Edge 551 to 4";"Mixed"
552;497;"Edge 552 to 497";"Mixed"
552;712;"Edge 552 to 712";"Mixed"
553;330;"Edge 553 to 330";"Mixed"
553;768;"Edge 553 to 768";"Mixed"
553;778;"Edge 553 to 778";"Mixed"
554;70;"Edge 554 to 70";"Mixed"
555;453;"Edge 555 to 453";"Mixed"
555;591;"Edge 555 to 591";"Mixed"
556;479;"Edge 556 to 479";"Mixed"
557;188;"Edge 557 to 188";"Mixed"
557;850;"Edge 557 to 850";"Mixed"
558;178;"Edge 558 to 178";"Mixed"
559;306;"Edge 559 to 306";"Mixed"
560;471;"Edge 560 to 471";"Mixed"
561;506;"Edge 561 to 506";"Mixed"
561;976;"Edge 561 to 976";"Mixed"
562;418;"Edge 562 to 418";"Mixed"
563;404;"Edge 563 to 404";"Mixed"
564;251;"Edge 564 to 251";"Mixed"
565;300;"Edge 565 to 300";"Mixed"
565;892;"Edge 565 to 892";"Mixed"
566;383;"Edge 566 to 383";"Mixed"
567;301;"Edge 567 to 301";"Mixed"
567;640;"Edge 567 to 640";"Mixed"
567;888;"Edge 567 to 888";"Mixed"
568;38;"Edge 568 to 38";"Mixed"
568;779;"Edge 568 to 779";"Mixed"
569;160;"Edge 569 to 160";"Mixed"
570;390;"Edge 570 to 390";"Mixed"
570;932;"Edge 570 to 932";"Mixed"
571;347;"Edge 571 to 347";"Mixed"
571;805;"Edge 571 to 805";"Mixed"
572;503;"Edge 572 to 503";"Mixed"
573;59;"Edge 573 to 59";"Mixed"
573;957;"Edge 573 to 957";"Mixed"
574;88;"Edge 574 to 88";"Mixed"
575;90;"Edge 575 to 90";"Mixed"
575;925;"Edge 575 to 925";"Mixed"
576;262;"Edge 576 to 262";"Mixed"
577;479;"Edge 577 to 479";"Mixed"
578;412;"Edge 578 to 412";"Mixed"
579;410;"Edge 579 to 410";"Mixed"
580;293;"Edge 580 to 293";"Mixed"
581;459;"Edge 581 to 459";"Mixed"
582;137;"Edge 582 to 137";"Mixed"
582;798;"Edge 582 to 798";"Mixed"
583;361;"Edge 583 to 361";"Mixed"
583;611;"Edge 583 to 611";"Mixed"
584;72;"Edge 584 to 72";"Mixed"
584;635;"Edge 584 to 635";"Mixed"
584;971;"Edge 584 to 971";"Mixed"
585;167;"Edge 585 to 167";"Mixed"
586;241;"Edge 586 to 241";"Mixed"
587;548;"Edge 587 to 548";"Mixed"
588;31;"Edge 588 to 31";"Mixed"
589;440;"Edge 589 to 440";"Mixed"
589;830;"Edge 589 to 830";"Mixed"
590;291;"Edge 590 to 291";"Mixed"
591;555;"Edge 591 to 555";"Mixed"
591;597;"Edge 591 to 597";"Mixed"
591;705;"Edge 591 to 705";"Mixed"
591;894;"Edge 591 to 894";"Mixed"
592;320;"Edge 592 to 320";"Mixed"
593;57;"Edge 593 to 57";"Mixed"
594;486;"Edge 594 to 486";"Mixed"
595;117;"Edge 595 to 117";"Mixed"
596;408;"Edge 596 to 408";"Mixed"
596;672;"Edge 596 to 672";"Mixed"
597;591;"Edge 597 to 591";"Mixed"
597;670;"Edge 597 to 670";"Mixed"
597;741;"Edge 597 to 741";"Mixed"
598;254;"Edge 598 to 254";"Mixed"
598;683;"Edge 598 to 683";"Mixed"
599;349;"Edge 599 to 349";"Mixed"
600;396;"Edge 600 to 396";"Mixed"
601;335;"Edge 601 to 335";"Mixed"
602;294;"Edge 602 to 294";"Mixed"
602;680;"Edge 602 to 680";"Mixed"
602;713;"Edge 602 to 713";"Mixed"
603;129;"Edge 603 to 129";"Mixed"
604;230;"Edge 604 to 230";"Mixed"
604;714;"Edge 604 to 714";"Mixed"
604;777;"Edge 604 to 777";"Mixed"
604;787;"Edge 604 to 787";"Mixed"
605;229;"Edge 605 to 229";"Mixed"
606;146;"Edge 606 to 146";"Mixed"
606;739;"Edge 606 to 739";"Mixed"
607;317;"Edge 607 to 317";"Mixed"
607;793;"Edge 607 to 793";"Mixed"
608;133;"Edge 608 to 133";"Mixed"
609;524;"Edge 609 to 524";"Mixed"
609;663;"Edge 609 to 663";"Mixed"
610;375;"Edge 610 to 375";"Mixed"
610;817;"Edge 610 to 817";"Mixed"
611;583;"Edge 611 to 583";"Mixed"
611;885;"Edge 611 to 885";"Mixed"
612;236;"Edge 612 to 236";"Mixed"
613;488;"Edge 613 to 488";"Mixed"
614;98;"Edge 614 to 98";"Mixed"
614;823;"Edge 614 to 823";"Mixed"
614;829;"Edge 614 to 829";"Mixed"
615;521;"Edge 615 to 521";"Mixed"
616;361;"Edge 616 to 361";"Mixed"
616;643;"Edge 616 to 643";"Mixed"
617;355;"Edge 617 to 355";"Mixed"
618;500;"Edge 618 to 500";"Mixed"
619;297;"Edge 619 to 297";"Mixed"
619;948;"Edge 619 to 948";"Mixed"
620;160;"Edge 620 to 160";"Mixed"
620;737;"Edge 620 to 737";"Mixed"
621;141;"Edge 621 to 141";"Mixed"
621;654;"Edge 621 to 654";"Mixed"
622;106;"Edge 622 to 106";"Mixed"
622;720;"Edge 622 to 720";"Mixed"
622;958;"Edge 622 to 958";"Mixed"
623;124;"Edge 623 to 124";"Mixed"
624;514;"Edge 624 to 514";"Mixed"
625;501;"Edge 625 to 501";"Mixed"
626;538;"Edge 626 to 538";"Mixed"
626;650;"Edge 626 to 650";"Mixed"
626;864;"Edge 626 to 864";"Mixed"
627;128;"Edge 627 to 128";"Mixed"
628;59;"Edge 628 to 59";"Mixed"
628;911;"Edge 628 to 911";"Mixed"
629;136;"Edge 629 to 136";"Mixed"
629;696;"Edge 629 to 696";"Mixed"
630;214;"Edge 630 to 214";"Mixed"
630;661;"Edge 630 to 661";"Mixed"
631;320;"Edge 631 to 320";"Mixed"
631;644;"Edge 631 to 644";"Mixed"
631;647;"Edge 631 to 647";"Mixed"
632;249;"Edge 632 to 249";"Mixed"
633;384;"Edge 633 to 384";"Mixed"
634;255;"Edge 634 to 255";"Mixed"
635;584;"Edge 635 to 584";"Mixed"
636;182;"Edge 636 to 182";"Mixed"
637;91;"Edge 637 to 91";"Mixed"
638;390;"Edge 638 to 390";"Mixed"
639;245;"Edge 639 to 245";"Mixed"
640;567;"Edge 640 to 567";"Mixed"
641;89;"Edge 641 to 89";"Mixed"
642;271;"Edge 642 to 271";"Mixed"
643;616;"Edge 643 to 616";"Mixed"
643;796;"Edge 643 to 796";"Mixed"
644;631;"Edge 644 to 631";"Mixed"
645;62;"Edge 645 to 62";"Mixed"
646;323;"Edge 646 to 323";"Mixed"
646;699;"Edge 646 to 699";"Mixed"
647;631;"Edge 647 to 631";"Mixed"
648;260;"Edge 648 to 260";"Mixed"
649;170;"Edge 649 to 170";"Mixed"
650;626;"Edge 650 to 626";"Mixed"
650;673;"Edge 650 to 673";"Mixed"
651;195;"Edge 651 to 195";"Mixed"
652;1;"Edge 652 to 1";"Mixed"
652;964;"Edge 652 to 964";"Mixed"
653;264;"Edge 653 to 264";"Mixed"
654;621;"Edge 654 to 621";"Mixed"
654;847;"Edge 654 to 847";"Mixed"
655;189;"Edge 655 to 189";"Mixed"
656;382;"Edge 656 to 382";"Mixed"
657;48;"Edge 657 to 48";"Mixed"
658;189;"Edge 658 to 189";"Mixed"
658;838;"Edge 658 to 838";"Mixed"
659;477;"Edge 659 to 477";"Mixed"
659;725;"Edge 659 to 725";"Mixed"
660;230;"Edge 660 to 230";"Mixed"
661;630;"Edge 661 to 630";"Mixed"
662;508;"Edge 662 to 508";"Mixed"
663;609;"Edge 663 to 609";"Mixed"
664;466;"Edge 664 to 466";"Mixed"
665;256;"Edge 665 to 256";"Mixed"
666;25;"Edge 666 to 25";"Mixed"
666;872;"Edge 666 to 872";"Mixed"
666;904;"Edge 666 to 904";"Mixed"
667;430;"Edge 667 to 430";"Mixed"
668;346;"Edge 668 to 346";"Mixed"
669;199;"Edge 669 to 199";"Mixed"
670;597;"Edge 670 to 597";"Mixed"
671;141;"Edge 671 to 141";"Mixed"
672;596;"Edge 672 to 596";"Mixed"
673;650;"Edge 673 to 650";"Mixed"
674;112;"Edge 674 to 112";"Mixed"
675;442;"Edge 675 to 442";"Mixed"
676;170;"Edge 676 to 170";"Mixed"
677;158;"Edge 677 to 158";"Mixed"
678;429;"Edge 678 to 429";"Mixed"
678;686;"Edge 678 to 686";"Mixed"
679;141;"Edge 679 to 141";"Mixed"
680;602;"Edge 680 to 602";"Mixed"
681;109;"Edge 681 to 109";"Mixed"
682;325;"Edge 682 to 325";"Mixed"
683;598;"Edge 683 to 598";"Mixed"
684;67;"Edge 684 to 67";"Mixed"
685;24;"Edge 685 to 24";"Mixed"
685;825;"Edge 685 to 825";"Mixed"
686;678;"Edge 686 to 678";"Mixed"
687;259;"Edge 687 to 259";"Mixed"
688;525;"Edge 688 to 525";"Mixed"
689;500;"Edge 689 to 500";"Mixed"
690;317;"Edge 690 to 317";"Mixed"
691;234;"Edge 691 to 234";"Mixed"
691;853;"Edge 691 to 853";"Mixed"
692;276;"Edge 692 to 276";"Mixed"
693;157;"Edge 693 to 157";"Mixed"
694;225;"Edge 694 to 225";"Mixed"
695;356;"Edge 695 to 356";"Mixed"
695;765;"Edge 695 to 765";"Mixed"
695;822;"Edge 695 to 822";"Mixed"
696;629;"Edge 696 to 629";"Mixed"
696;819;"Edge 696 to 819";"Mixed"
697;267;"Edge 697 to 267";"Mixed"
698;483;"Edge 698 to 483";"Mixed"
699;646;"Edge 699 to 646";"Mixed"
700;338;"Edge 700 to 338";"Mixed"
701;178;"Edge 701 to 178";"Mixed"
701;813;"Edge 701 to 813";"Mixed"
701;975;"Edge 701 to 975";"Mixed"
702;138;"Edge 702 to 138";"Mixed"
703;382;"Edge 703 to 382";"Mixed"
704;269;"Edge 704 to 269";"Mixed"
705;591;"Edge 705 to 591";"Mixed"
706;294;"Edge 706 to 294";"Mixed"
707;152;"Edge 707 to 152";"Mixed"
707;821;"Edge 707 to 821";"Mixed"
708;478;"Edge 708 to 478";"Mixed"
708;936;"Edge 708 to 936";"Mixed"
709;246;"Edge 709 to 246";"Mixed"
710;122;"Edge 710 to 122";"Mixed"
710;723;"Edge 710 to 723";"Mixed"
711;350;"Edge 711 to 350";"Mixed"
711;833;"Edge 711 to 833";"Mixed"
712;552;"Edge 712 to 552";"Mixed"
713;602;"Edge 713 to 602";"Mixed"
714;604;"Edge 714 to 604";"Mixed"
715;274;"Edge 715 to 274";"Mixed"
715;868;"Edge 715 to 868";"Mixed"
716;332;"Edge 716 to 332";"Mixed"
716;788;"Edge 716 to 788";"Mixed"
716;898;"Edge 716 to 898";"Mixed"
717;498;"Edge 717 to 498";"Mixed"
718;392;"Edge 718 to 392";"Mixed"
719;410;"Edge 719 to 410";"Mixed"
720;622;"Edge 720 to 622";"Mixed"
720;989;"Edge 720 to 989";"Mixed"
721;129;"Edge 721 to 129";"Mixed"
722;543;"Edge 722 to 543";"Mixed"
723;710;"Edge 723 to 710";"Mixed"
724;127;"Edge 724 to 127";"Mixed"
725;659;"Edge 725 to 659";"Mixed"
725;801;"Edge 725 to 801";"Mixed"
726;414;"Edge 726 to 414";"Mixed"
727;129;"Edge 727 to 129";"Mixed"
727;968;"Edge 727 to 968";"Mixed"
728;399;"Edge 728 to 399";"Mixed"
728;944;"Edge 728 to 944";"Mixed"
729;360;"Edge 729 to 360";"Mixed"
730;145;"Edge 730 to 145";"Mixed"
731;20;"Edge 731 to 20";"Mixed"
732;390;"Edge 732 to 390";"Mixed"
732;752;"Edge 732 to 752";"Mixed"
732;923;"Edge 732 to 923";"Mixed"
733;441;"Edge 733 to 441";"Mixed"
734;99;"Edge 734 to 99";"Mixed"
735;471;"Edge 735 to 471";"Mixed"
735;962;"Edge 735 to 962";"Mixed"
736;497;"Edge 736 to 497";"Mixed"
737;620;"Edge 737 to 620";"Mixed"
737;746;"Edge 737 to 746";"Mixed"
738;112;"Edge 738 to 112";"Mixed"
739;606;"Edge 739 to 606";"Mixed"
740;244;"Edge 740 to 244";"Mixed"
741;597;"Edge 741 to 597";"Mixed"
741;742;"Edge 741 to 742";"Mixed"
742;741;"Edge 742 to 741";"Mixed"
743;316;"Edge 743 to 316";"Mixed"
744;298;"Edge 744 to 298";"Mixed"
745;316;"Edge 745 to 316";"Mixed"
746;737;"Edge 746 to 737";"Mixed"
747;265;"Edge 747 to 265";"Mixed"
748;218;"Edge 748 to 218";"Mixed"
749;18;"Edge 749 to 18";"Mixed"
750;183;"Edge 750 to 183";"Mixed"
751;397;"Edge 751 to 397";"Mixed"
752;732;"Edge 752 to 732";"Mixed"
753;90;"Edge 753 to 90";"Mixed"
753;854;"Edge 753 to 854";"Mixed"
754;447;"Edge 754 to 447";"Mixed"
755;321;"Edge 755 to 321";"Mixed"
756;54;"Edge 756 to 54";"Mixed"
757;486;"Edge 757 to 486";"Mixed"
758;531;"Edge 758 to 531";"Mixed"
759;65;"Edge 759 to 65";"Mixed"
760;189;"Edge 760 to 189";"Mixed"
761;535;"Edge 761 to 535";"Mixed"
762;417;"Edge 762 to 417";"Mixed"
763;481;"Edge 763 to 481";"Mixed"
764;484;"Edge 764 to 484";"Mixed"
765;695;"Edge 765 to 695";"Mixed"
766;257;"Edge 766 to 257";"Mixed"
767;337;"Edge 767 to 337";"Mixed"
767;815;"Edge 767 to 815";"Mixed"
768;553;"Edge 768 to 553";"Mixed"
768;924;"Edge 768 to 924";"Mixed"
769;164;"Edge 769 to 164";"Mixed"
770;212;"Edge 770 to 212";"Mixed"
770;983;"Edge 770 to 983";"Mixed"
771;431;"Edge 771 to 431";"Mixed"
772;332;"Edge 772 to 332";"Mixed"
773;505;"Edge 773 to 505";"Mixed"
774;125;"Edge 774 to 125";"Mixed"
775;391;"Edge 775 to 391";"Mixed"
776;373;"Edge 776 to 373";"Mixed"
777;604;"Edge 777 to 604";"Mixed"
778;553;"Edge 778 to 553";"Mixed"
778;841;"Edge 778 to 841";"Mixed"
779;568;"Edge 779 to 568";"Mixed"
780;403;"Edge 780 to 403";"Mixed"
781;171;"Edge 781 to 171";"Mixed"
782;65;"Edge 782 to 65";"Mixed"
783;18;"Edge 783 to 18";"Mixed"
784;141;"Edge 784 to 141";"Mixed"
785;143;"Edge 785 to 143";"Mixed"
786;168;"Edge 786 to 168";"Mixed"
787;604;"Edge 787 to 604";"Mixed"
788;716;"Edge 788 to 716";"Mixed"
789;345;"Edge 789 to 345";"Mixed"
790;446;"Edge 790 to 446";"Mixed"
790;939;"Edge 790 to 939";"Mixed"
791;100;"Edge 791 to 100";"Mixed"
792;2;"Edge 792 to 2";"Mixed"
793;607;"Edge 793 to 607";"Mixed"
794;111;"Edge 794 to 111";"Mixed"
795;121;"Edge 795 to 121";"Mixed"
796;643;"Edge 796 to 643";"Mixed"
797;548;"Edge 797 to 548";"Mixed"
798;582;"Edge 798 to 582";"Mixed"
799;501;"Edge 799 to 501";"Mixed"
800;459;"Edge 800 to 459";"Mixed"
800;858;"Edge 800 to 858";"Mixed"
800;870;"Edge 800 to 870";"Mixed"
801;725;"Edge 801 to 725";"Mixed"
801;997;"Edge 801 to 997";"Mixed"
802;272;"Edge 802 to 272";"Mixed"
803;382;"Edge 803 to 382";"Mixed"
803;867;"Edge 803 to 867";"Mixed"
804;427;"Edge 804 to 427";"Mixed"
805;571;"Edge 805 to 571";"Mixed"
806;530;"Edge 806 to 530";"Mixed"
807;185;"Edge 807 to 185";"Mixed"
808;135;"Edge 808 to 135";"Mixed"
808;913;"Edge 808 to 913";"Mixed"
809;164;"Edge 809 to 164";"Mixed"
810;13;"Edge 810 to 13";"Mixed"
811;21;"Edge 811 to 21";"Mixed"
811;995;"Edge 811 to 995";"Mixed"
812;242;"Edge 812 to 242";"Mixed"
813;701;"Edge 813 to 701";"Mixed"
814;154;"Edge 814 to 154";"Mixed"
815;767;"Edge 815 to 767";"Mixed"
816;88;"Edge 816 to 88";"Mixed"
817;610;"Edge 817 to 610";"Mixed"
818;59;"Edge 818 to 59";"Mixed"
819;696;"Edge 819 to 696";"Mixed"
820;4;"Edge 820 to 4";"Mixed"
820;899;"Edge 820 to 899";"Mixed"
821;707;"Edge 821 to 707";"Mixed"
822;695;"Edge 822 to 695";"Mixed"
823;614;"Edge 823 to 614";"Mixed"
823;986;"Edge 823 to 986";"Mixed"
824;419;"Edge 824 to 419";"Mixed"
825;685;"Edge 825 to 685";"Mixed"
826;140;"Edge 826 to 140";"Mixed"
827;321;"Edge 827 to 321";"Mixed"
828;225;"Edge 828 to 225";"Mixed"
829;614;"Edge 829 to 614";"Mixed"
830;589;"Edge 830 to 589";"Mixed"
831;145;"Edge 831 to 145";"Mixed"
832;533;"Edge 832 to 533";"Mixed"
833;711;"Edge 833 to 711";"Mixed"
833;965;"Edge 833 to 965";"Mixed"
834;97;"Edge 834 to 97";"Mixed"
835;301;"Edge 835 to 301";"Mixed"
836;180;"Edge 836 to 180";"Mixed"
837;548;"Edge 837 to 548";"Mixed"
838;658;"Edge 838 to 658";"Mixed"
839;413;"Edge 839 to 413";"Mixed"
840;111;"Edge 840 to 111";"Mixed"
841;778;"Edge 841 to 778";"Mixed"
841;953;"Edge 841 to 953";"Mixed"
841;990;"Edge 841 to 990";"Mixed"
842;219;"Edge 842 to 219";"Mixed"
843;440;"Edge 843 to 440";"Mixed"
844;404;"Edge 844 to 404";"Mixed"
845;511;"Edge 845 to 511";"Mixed"
846;415;"Edge 846 to 415";"Mixed"
846;943;"Edge 846 to 943";"Mixed"
847;654;"Edge 847 to 654";"Mixed"
848;376;"Edge 848 to 376";"Mixed"
849;75;"Edge 849 to 75";"Mixed"
850;557;"Edge 850 to 557";"Mixed"
850;998;"Edge 850 to 998";"Mixed"
851;474;"Edge 851 to 474";"Mixed"
852;94;"Edge 852 to 94";"Mixed"
852;960;"Edge 852 to 960";"Mixed"
853;691;"Edge 853 to 691";"Mixed"
854;753;"Edge 854 to 753";"Mixed"
855;11;"Edge 855 to 11";"Mixed"
856;144;"Edge 856 to 144";"Mixed"
857;88;"Edge 857 to 88";"Mixed"
858;800;"Edge 858 to 800";"Mixed"
859;310;"Edge 859 to 310";"Mixed"
860;59;"Edge 860 to 59";"Mixed"
860;897;"Edge 860 to 897";"Mixed"
861;35;"Edge 861 to 35";"Mixed"
862;130;"Edge 862 to 130";"Mixed"
863;369;"Edge 863 to 369";"Mixed"
864;626;"Edge 864 to 626";"Mixed"
865;467;"Edge 865 to 467";"Mixed"
866;5;"Edge 866 to 5";"Mixed"
866;869;"Edge 866 to 869";"Mixed"
867;803;"Edge 867 to 803";"Mixed"
868;715;"Edge 868 to 715";"Mixed"
869;866;"Edge 869 to 866";"Mixed"
869;916;"Edge 869 to 916";"Mixed"
870;800;"Edge 870 to 800";"Mixed"
871;92;"Edge 871 to 92";"Mixed"
872;666;"Edge 872 to 666";"Mixed"
873;91;"Edge 873 to 91";"Mixed"
873;893;"Edge 873 to 893";"Mixed"
873;950;"Edge 873 to 950";"Mixed"
873;985;"Edge 873 to 985";"Mixed"
874;192;"Edge 874 to 192";"Mixed"
874;906;"Edge 874 to 906";"Mixed"
875;280;"Edge 875 to 280";"Mixed"
876;228;"Edge 876 to 228";"Mixed"
877;165;"Edge 877 to 165";"Mixed"
878;28;"Edge 878 to 28";"Mixed"
879;498;"Edge 879 to 498";"Mixed"
879;973;"Edge 879 to 973";"Mixed"
880;187;"Edge 880 to 187";"Mixed"
881;128;"Edge 881 to 128";"Mixed"
882;12;"Edge 882 to 12";"Mixed"
883;428;"Edge 883 to 428";"Mixed"
884;125;"Edge 884 to 125";"Mixed"
885;611;"Edge 885 to 611";"Mixed"
886;433;"Edge 886 to 433";"Mixed"
887;100;"Edge 887 to 100";"Mixed"
888;567;"Edge 888 to 567";"Mixed"
889;443;"Edge 889 to 443";"Mixed"
890;380;"Edge 890 to 380";"Mixed"
891;259;"Edge 891 to 259";"Mixed"
892;565;"Edge 892 to 565";"Mixed"
893;873;"Edge 893 to 873";"Mixed"
894;591;"Edge 894 to 591";"Mixed"
894;919;"Edge 894 to 919";"Mixed"
895;424;"Edge 895 to 424";"Mixed"
896;426;"Edge 896 to 426";"Mixed"
897;860;"Edge 897 to 860";"Mixed"
898;716;"Edge 898 to 716";"Mixed"
899;820;"Edge 899 to 820";"Mixed"
899;952;"Edge 899 to 952";"Mixed"
900;264;"Edge 900 to 264";"Mixed"
901;454;"Edge 901 to 454";"Mixed"
902;255;"Edge 902 to 255";"Mixed"
902;940;"Edge 902 to 940";"Mixed"
903;299;"Edge 903 to 299";"Mixed"
904;666;"Edge 904 to 666";"Mixed"
904;979;"Edge 904 to 979";"Mixed"
905;346;"Edge 905 to 346";"Mixed"
906;874;"Edge 906 to 874";"Mixed"
907;120;"Edge 907 to 120";"Mixed"
907;917;"Edge 907 to 917";"Mixed"
908;348;"Edge 908 to 348";"Mixed"
909;261;"Edge 909 to 261";"Mixed"
910;487;"Edge 910 to 487";"Mixed"
911;628;"Edge 911 to 628";"Mixed"
912;169;"Edge 912 to 169";"Mixed"
913;808;"Edge 913 to 808";"Mixed"
914;108;"Edge 914 to 108";"Mixed"
915;110;"Edge 915 to 110";"Mixed"
916;869;"Edge 916 to 869";"Mixed"
917;907;"Edge 917 to 907";"Mixed"
918;192;"Edge 918 to 192";"Mixed"
919;894;"Edge 919 to 894";"Mixed"
920;59;"Edge 920 to 59";"Mixed"
921;153;"Edge 921 to 153";"Mixed"
922;49;"Edge 922 to 49";"Mixed"
923;732;"Edge 923 to 732";"Mixed"
924;768;"Edge 924 to 768";"Mixed"
925;575;"Edge 925 to 575";"Mixed"
926;333;"Edge 926 to 333";"Mixed"
927;317;"Edge 927 to 317";"Mixed"
928;427;"Edge 928 to 427";"Mixed"
929;477;"Edge 929 to 477";"Mixed"
930;91;"Edge 930 to 91";"Mixed"
931;549;"Edge 931 to 549";"Mixed"
932;570;"Edge 932 to 570";"Mixed"
933;537;"Edge 933 to 537";"Mixed"
934;467;"Edge 934 to 467";"Mixed"
935;140;"Edge 935 to 140";"Mixed"
936;708;"Edge 936 to 708";"Mixed"
937;275;"Edge 937 to 275";"Mixed"
938;352;"Edge 938 to 352";"Mixed"
939;790;"Edge 939 to 790";"Mixed"
940;902;"Edge 940 to 902";"Mixed"
941;106;"Edge 941 to 106";"Mixed"
942;453;"Edge 942 to 453";"Mixed"
943;846;"Edge 943 to 846";"Mixed"
944;728;"Edge 944 to 728";"Mixed"
945;248;"Edge 945 to 248";"Mixed"
946;127;"Edge 946 to 127";"Mixed"
947;365;"Edge 947 to 365";"Mixed"
948;619;"Edge 948 to 619";"Mixed"
949;285;"Edge 949 to 285";"Mixed"
950;873;"Edge 950 to 873";"Mixed"
951;421;"Edge 951 to 421";"Mixed"
952;899;"Edge 952 to 899";"Mixed"
953;841;"Edge 953 to 841";"Mixed"
954;326;"Edge 954 to 326";"Mixed"
955;328;"Edge 955 to 328";"Mixed"
956;433;"Edge 956 to 433";"Mixed"
957;573;"Edge 957 to 573";"Mixed"
958;622;"Edge 958 to 622";"Mixed"
959;473;"Edge 959 to 473";"Mixed"
960;852;"Edge 960 to 852";"Mixed"
961;95;"Edge 961 to 95";"Mixed"
962;735;"Edge 962 to 735";"Mixed"
963;121;"Edge 963 to 121";"Mixed"
964;652;"Edge 964 to 652";"Mixed"
965;833;"Edge 965 to 833";"Mixed"
966;129;"Edge 966 to 129";"Mixed"
967;196;"Edge 967 to 196";"Mixed"
968;727;"Edge 968 to 727";"Mixed"
969;1;"Edge 969 to 1";"Mixed"
969;999;"Edge 969 to 999";"Mixed"
970;266;"Edge 970 to 266";"Mixed"
971;584;"Edge 971 to 584";"Mixed"
971;987;"Edge 971 to 987";"Mixed"
972;277;"Edge 972 to 277";"Mixed"
973;879;"Edge 973 to 879";"Mixed"
974;492;"Edge 974 to 492";"Mixed"
975;701;"Edge 975 to 701";"Mixed"
976;561;"Edge 976 to 561";"Mixed"
977;413;"Edge 977 to 413";"Mixed"
978;23;"Edge 978 to 23";"Mixed"
979;904;"Edge 979 to 904";"Mixed"
980;360;"Edge 980 to 360";"Mixed"
981;149;"Edge 981 to 149";"Mixed"
982;345;"Edge 982 to 345";"Mixed"
983;770;"Edge 983 to 770";"Mixed"
984;457;"Edge 984 to 457";"Mixed"
985;873;"Edge 985 to 873";"Mixed"
986;823;"Edge 986 to 823";"Mixed"
987;971;"Edge 987 to 971";"Mixed"
988;247;"Edge 988 to 247";"Mixed"
989;720;"Edge 989 to 720";"Mixed"
990;841;"Edge 990 to 841";"Mixed"
991;123;"Edge 991 to 123";"Mixed"
992;152;"Edge 992 to 152";"Mixed"
993;507;"Edge 993 to 507";"Mixed"
994;309;"Edge 994 to 309";"Mixed"
995;811;"Edge 995 to 811";"Mixed"
996;447;"Edge 996 to 447";"Mixed"
997;801;"Edge 997 to 801";"Mixed"
998;850;"Edge 998 to 850";"Mixed"
999;969;"Edge 999 to 969";"Mixed"
1000;79;"Edge 1000 to 79";"Mixed"
