Id;Label
1;"Node 1"
2;"Node 2"
3;"Node 3"
4;"Node 4"
5;"Node 5"
6;"Node 6"
7;"Node 7"
8;"Node 8"
9;"Node 9"
10;"Node 10"
11;"Node 11"
12;"Node 12"
13;"Node 13"
14;"Node 14"
15;"Node 15"
16;"Node 16"
17;"Node 17"
18;"Node 18"
19;"Node 19"
20;"Node 20"
21;"Node 21"
22;"Node 22"
23;"Node 23"
24;"Node 24"
25;"Node 25"
26;"Node 26"
27;"Node 27"
28;"Node 28"
29;"Node 29"
30;"Node 30"
31;"Node 31"
32;"Node 32"
33;"Node 33"
34;"Node 34"
35;"Node 35"
36;"Node 36"
37;"Node 37"
38;"Node 38"
39;"Node 39"
40;"Node 40"
41;"Node 41"
42;"Node 42"
43;"Node 43"
44;"Node 44"
45;"Node 45"
46;"Node 46"
47;"Node 47"
48;"Node 48"
49;"Node 49"
50;"Node 50"
51;"Node 51"
52;"Node 52"
53;"Node 53"
54;"Node 54"
55;"Node 55"
56;"Node 56"
57;"Node 57"
58;"Node 58"
59;"Node 59"
60;"Node 60"
61;"Node 61"
62;"Node 62"
63;"Node 63"
64;"Node 64"
65;"Node 65"
66;"Node 66"
67;"Node 67"
68;"Node 68"
69;"Node 69"
70;"Node 70"
71;"Node 71"
72;"Node 72"
73;"Node 73"
74;"Node 74"
75;"Node 75"
76;"Node 76"
77;"Node 77"
78;"Node 78"
79;"Node 79"
80;"Node 80"
81;"Node 81"
82;"Node 82"
83;"Node 83"
84;"Node 84"
85;"Node 85"
86;"Node 86"
87;"Node 87"
88;"Node 88"
89;"Node 89"
90;"Node 90"
91;"Node 91"
92;"Node 92"
93;"Node 93"
94;"Node 94"
95;"Node 95"
96;"Node 96"
97;"Node 97"
98;"Node 98"
99;"Node 99"
100;"Node 100"
101;"Node 101"
102;"Node 102"
103;"Node 103"
104;"Node 104"
105;"Node 105"
106;"Node 106"
107;"Node 107"
108;"Node 108"
109;"Node 109"
110;"Node 110"
111;"Node 111"
112;"Node 112"
113;"Node 113"
114;"Node 114"
115;"Node 115"
116;"Node 116"
117;"Node 117"
118;"Node 118"
119;"Node 119"
120;"Node 120"
121;"Node 121"
122;"Node 122"
123;"Node 123"
124;"Node 124"
125;"Node 125"
126;"Node 126"
127;"Node 127"
128;"Node 128"
129;"Node 129"
130;"Node 130"
131;"Node 131"
132;"Node 132"
133;"Node 133"
134;"Node 134"
135;"Node 135"
136;"Node 136"
137;"Node 137"
138;"Node 138"
139;"Node 139"
140;"Node 140"
141;"Node 141"
142;"Node 142"
143;"Node 143"
144;"Node 144"
145;"Node 145"
146;"Node 146"
147;"Node 147"
148;"Node 148"
149;"Node 149"
150;"Node 150"
151;"Node 151"
152;"Node 152"
153;"Node 153"
154;"Node 154"
155;"Node 155"
156;"Node 156"
157;"Node 157"
158;"Node 158"
159;"Node 159"
160;"Node 160"
161;"Node 161"
162;"Node 162"
163;"Node 163"
164;"Node 164"
165;"Node 165"
166;"Node 166"
167;"Node 167"
168;"Node 168"
169;"Node 169"
170;"Node 170"
171;"Node 171"
172;"Node 172"
173;"Node 173"
174;"Node 174"
175;"Node 175"
176;"Node 176"
177;"Node 177"
178;"Node 178"
179;"Node 179"
180;"Node 180"
181;"Node 181"
182;"Node 182"
183;"Node 183"
184;"Node 184"
185;"Node 185"
186;"Node 186"
187;"Node 187"
188;"Node 188"
189;"Node 189"
190;"Node 190"
191;"Node 191"
192;"Node 192"
193;"Node 193"
194;"Node 194"
195;"Node 195"
196;"Node 196"
197;"Node 197"
198;"Node 198"
199;"Node 199"
200;"Node 200"
201;"Node 201"
202;"Node 202"
203;"Node 203"
204;"Node 204"
205;"Node 205"
206;"Node 206"
207;"Node 207"
208;"Node 208"
209;"Node 209"
210;"Node 210"
211;"Node 211"
212;"Node 212"
213;"Node 213"
214;"Node 214"
215;"Node 215"
216;"Node 216"
217;"Node 217"
218;"Node 218"
219;"Node 219"
220;"Node 220"
221;"Node 221"
222;"Node 222"
223;"Node 223"
224;"Node 224"
225;"Node 225"
226;"Node 226"
227;"Node 227"
228;"Node 228"
229;"Node 229"
230;"Node 230"
231;"Node 231"
232;"Node 232"
233;"Node 233"
234;"Node 234"
235;"Node 235"
236;"Node 236"
237;"Node 237"
238;"Node 238"
239;"Node 239"
240;"Node 240"
241;"Node 241"
242;"Node 242"
243;"Node 243"
244;"Node 244"
245;"Node 245"
246;"Node 246"
247;"Node 247"
248;"Node 248"
249;"Node 249"
250;"Node 250"
251;"Node 251"
252;"Node 252"
253;"Node 253"
254;"Node 254"
255;"Node 255"
256;"Node 256"
257;"Node 257"
258;"Node 258"
259;"Node 259"
260;"Node 260"
261;"Node 261"
262;"Node 262"
263;"Node 263"
264;"Node 264"
265;"Node 265"
266;"Node 266"
267;"Node 267"
268;"Node 268"
269;"Node 269"
270;"Node 270"
271;"Node 271"
272;"Node 272"
273;"Node 273"
274;"Node 274"
275;"Node 275"
276;"Node 276"
277;"Node 277"
278;"Node 278"
279;"Node 279"
280;"Node 280"
281;"Node 281"
282;"Node 282"
283;"Node 283"
284;"Node 284"
285;"Node 285"
286;"Node 286"
287;"Node 287"
288;"Node 288"
289;"Node 289"
290;"Node 290"
291;"Node 291"
292;"Node 292"
293;"Node 293"
294;"Node 294"
295;"Node 295"
296;"Node 296"
297;"Node 297"
298;"Node 298"
299;"Node 299"
300;"Node 300"
301;"Node 301"
302;"Node 302"
303;"Node 303"
304;"Node 304"
305;"Node 305"
306;"Node 306"
307;"Node 307"
308;"Node 308"
309;"Node 309"
310;"Node 310"
311;"Node 311"
312;"Node 312"
313;"Node 313"
314;"Node 314"
315;"Node 315"
316;"Node 316"
317;"Node 317"
318;"Node 318"
319;"Node 319"
320;"Node 320"
321;"Node 321"
322;"Node 322"
323;"Node 323"
324;"Node 324"
325;"Node 325"
326;"Node 326"
327;"Node 327"
328;"Node 328"
329;"Node 329"
330;"Node 330"
331;"Node 331"
332;"Node 332"
333;"Node 333"
334;"Node 334"
335;"Node 335"
336;"Node 336"
337;"Node 337"
338;"Node 338"
339;"Node 339"
340;"Node 340"
341;"Node 341"
342;"Node 342"
343;"Node 343"
344;"Node 344"
345;"Node 345"
346;"Node 346"
347;"Node 347"
348;"Node 348"
349;"Node 349"
350;"Node 350"
351;"Node 351"
352;"Node 352"
353;"Node 353"
354;"Node 354"
355;"Node 355"
356;"Node 356"
357;"Node 357"
358;"Node 358"
359;"Node 359"
360;"Node 360"
361;"Node 361"
362;"Node 362"
363;"Node 363"
364;"Node 364"
365;"Node 365"
366;"Node 366"
367;"Node 367"
368;"Node 368"
369;"Node 369"
370;"Node 370"
371;"Node 371"
372;"Node 372"
373;"Node 373"
374;"Node 374"
375;"Node 375"
376;"Node 376"
377;"Node 377"
378;"Node 378"
379;"Node 379"
380;"Node 380"
381;"Node 381"
382;"Node 382"
383;"Node 383"
384;"Node 384"
385;"Node 385"
386;"Node 386"
387;"Node 387"
388;"Node 388"
389;"Node 389"
390;"Node 390"
391;"Node 391"
392;"Node 392"
393;"Node 393"
394;"Node 394"
395;"Node 395"
396;"Node 396"
397;"Node 397"
398;"Node 398"
399;"Node 399"
400;"Node 400"
401;"Node 401"
402;"Node 402"
403;"Node 403"
404;"Node 404"
405;"Node 405"
406;"Node 406"
407;"Node 407"
408;"Node 408"
409;"Node 409"
410;"Node 410"
411;"Node 411"
412;"Node 412"
413;"Node 413"
414;"Node 414"
415;"Node 415"
416;"Node 416"
417;"Node 417"
418;"Node 418"
419;"Node 419"
420;"Node 420"
421;"Node 421"
422;"Node 422"
423;"Node 423"
424;"Node 424"
425;"Node 425"
426;"Node 426"
427;"Node 427"
428;"Node 428"
429;"Node 429"
430;"Node 430"
431;"Node 431"
432;"Node 432"
433;"Node 433"
434;"Node 434"
435;"Node 435"
436;"Node 436"
437;"Node 437"
438;"Node 438"
439;"Node 439"
440;"Node 440"
441;"Node 441"
442;"Node 442"
443;"Node 443"
444;"Node 444"
445;"Node 445"
446;"Node 446"
447;"Node 447"
448;"Node 448"
449;"Node 449"
450;"Node 450"
451;"Node 451"
452;"Node 452"
453;"Node 453"
454;"Node 454"
455;"Node 455"
456;"Node 456"
457;"Node 457"
458;"Node 458"
459;"Node 459"
460;"Node 460"
461;"Node 461"
462;"Node 462"
463;"Node 463"
464;"Node 464"
465;"Node 465"
466;"Node 466"
467;"Node 467"
468;"Node 468"
469;"Node 469"
470;"Node 470"
471;"Node 471"
472;"Node 472"
473;"Node 473"
474;"Node 474"
475;"Node 475"
476;"Node 476"
477;"Node 477"
478;"Node 478"
479;"Node 479"
480;"Node 480"
481;"Node 481"
482;"Node 482"
483;"Node 483"
484;"Node 484"
485;"Node 485"
486;"Node 486"
487;"Node 487"
488;"Node 488"
489;"Node 489"
490;"Node 490"
491;"Node 491"
492;"Node 492"
493;"Node 493"
494;"Node 494"
495;"Node 495"
496;"Node 496"
497;"Node 497"
498;"Node 498"
499;"Node 499"
500;"Node 500"
501;"Node 501"
502;"Node 502"
503;"Node 503"
504;"Node 504"
505;"Node 505"
506;"Node 506"
507;"Node 507"
508;"Node 508"
509;"Node 509"
510;"Node 510"
511;"Node 511"
512;"Node 512"
513;"Node 513"
514;"Node 514"
515;"Node 515"
516;"Node 516"
517;"Node 517"
518;"Node 518"
519;"Node 519"
520;"Node 520"
521;"Node 521"
522;"Node 522"
523;"Node 523"
524;"Node 524"
525;"Node 525"
526;"Node 526"
527;"Node 527"
528;"Node 528"
529;"Node 529"
530;"Node 530"
531;"Node 531"
532;"Node 532"
533;"Node 533"
534;"Node 534"
535;"Node 535"
536;"Node 536"
537;"Node 537"
538;"Node 538"
539;"Node 539"
540;"Node 540"
541;"Node 541"
542;"Node 542"
543;"Node 543"
544;"Node 544"
545;"Node 545"
546;"Node 546"
547;"Node 547"
548;"Node 548"
549;"Node 549"
550;"Node 550"
551;"Node 551"
552;"Node 552"
553;"Node 553"
554;"Node 554"
555;"Node 555"
556;"Node 556"
557;"Node 557"
558;"Node 558"
559;"Node 559"
560;"Node 560"
561;"Node 561"
562;"Node 562"
563;"Node 563"
564;"Node 564"
565;"Node 565"
566;"Node 566"
567;"Node 567"
568;"Node 568"
569;"Node 569"
570;"Node 570"
571;"Node 571"
572;"Node 572"
573;"Node 573"
574;"Node 574"
575;"Node 575"
576;"Node 576"
577;"Node 577"
578;"Node 578"
579;"Node 579"
580;"Node 580"
581;"Node 581"
582;"Node 582"
583;"Node 583"
584;"Node 584"
585;"Node 585"
586;"Node 586"
587;"Node 587"
588;"Node 588"
589;"Node 589"
590;"Node 590"
591;"Node 591"
592;"Node 592"
593;"Node 593"
594;"Node 594"
595;"Node 595"
596;"Node 596"
597;"Node 597"
598;"Node 598"
599;"Node 599"
600;"Node 600"
601;"Node 601"
602;"Node 602"
603;"Node 603"
604;"Node 604"
605;"Node 605"
606;"Node 606"
607;"Node 607"
608;"Node 608"
609;"Node 609"
610;"Node 610"
611;"Node 611"
612;"Node 612"
613;"Node 613"
614;"Node 614"
615;"Node 615"
616;"Node 616"
617;"Node 617"
618;"Node 618"
619;"Node 619"
620;"Node 620"
621;"Node 621"
622;"Node 622"
623;"Node 623"
624;"Node 624"
625;"Node 625"
626;"Node 626"
627;"Node 627"
628;"Node 628"
629;"Node 629"
630;"Node 630"
631;"Node 631"
632;"Node 632"
633;"Node 633"
634;"Node 634"
635;"Node 635"
636;"Node 636"
637;"Node 637"
638;"Node 638"
639;"Node 639"
640;"Node 640"
641;"Node 641"
642;"Node 642"
643;"Node 643"
644;"Node 644"
645;"Node 645"
646;"Node 646"
647;"Node 647"
648;"Node 648"
649;"Node 649"
650;"Node 650"
651;"Node 651"
652;"Node 652"
653;"Node 653"
654;"Node 654"
655;"Node 655"
656;"Node 656"
657;"Node 657"
658;"Node 658"
659;"Node 659"
660;"Node 660"
661;"Node 661"
662;"Node 662"
663;"Node 663"
664;"Node 664"
665;"Node 665"
666;"Node 666"
667;"Node 667"
668;"Node 668"
669;"Node 669"
670;"Node 670"
671;"Node 671"
672;"Node 672"
673;"Node 673"
674;"Node 674"
675;"Node 675"
676;"Node 676"
677;"Node 677"
678;"Node 678"
679;"Node 679"
680;"Node 680"
681;"Node 681"
682;"Node 682"
683;"Node 683"
684;"Node 684"
685;"Node 685"
686;"Node 686"
687;"Node 687"
688;"Node 688"
689;"Node 689"
690;"Node 690"
691;"Node 691"
692;"Node 692"
693;"Node 693"
694;"Node 694"
695;"Node 695"
696;"Node 696"
697;"Node 697"
698;"Node 698"
699;"Node 699"
700;"Node 700"
701;"Node 701"
702;"Node 702"
703;"Node 703"
704;"Node 704"
705;"Node 705"
706;"Node 706"
707;"Node 707"
708;"Node 708"
709;"Node 709"
710;"Node 710"
711;"Node 711"
712;"Node 712"
713;"Node 713"
714;"Node 714"
715;"Node 715"
716;"Node 716"
717;"Node 717"
718;"Node 718"
719;"Node 719"
720;"Node 720"
721;"Node 721"
722;"Node 722"
723;"Node 723"
724;"Node 724"
725;"Node 725"
726;"Node 726"
727;"Node 727"
728;"Node 728"
729;"Node 729"
730;"Node 730"
731;"Node 731"
732;"Node 732"
733;"Node 733"
734;"Node 734"
735;"Node 735"
736;"Node 736"
737;"Node 737"
738;"Node 738"
739;"Node 739"
740;"Node 740"
741;"Node 741"
742;"Node 742"
743;"Node 743"
744;"Node 744"
745;"Node 745"
746;"Node 746"
747;"Node 747"
748;"Node 748"
749;"Node 749"
750;"Node 750"
751;"Node 751"
752;"Node 752"
753;"Node 753"
754;"Node 754"
755;"Node 755"
756;"Node 756"
757;"Node 757"
758;"Node 758"
759;"Node 759"
760;"Node 760"
761;"Node 761"
762;"Node 762"
763;"Node 763"
764;"Node 764"
765;"Node 765"
766;"Node 766"
767;"Node 767"
768;"Node 768"
769;"Node 769"
770;"Node 770"
771;"Node 771"
772;"Node 772"
773;"Node 773"
774;"Node 774"
775;"Node 775"
776;"Node 776"
777;"Node 777"
778;"Node 778"
779;"Node 779"
780;"Node 780"
781;"Node 781"
782;"Node 782"
783;"Node 783"
784;"Node 784"
785;"Node 785"
786;"Node 786"
787;"Node 787"
788;"Node 788"
789;"Node 789"
790;"Node 790"
791;"Node 791"
792;"Node 792"
793;"Node 793"
794;"Node 794"
795;"Node 795"
796;"Node 796"
797;"Node 797"
798;"Node 798"
799;"Node 799"
800;"Node 800"
801;"Node 801"
802;"Node 802"
803;"Node 803"
804;"Node 804"
805;"Node 805"
806;"Node 806"
807;"Node 807"
808;"Node 808"
809;"Node 809"
810;"Node 810"
811;"Node 811"
812;"Node 812"
813;"Node 813"
814;"Node 814"
815;"Node 815"
816;"Node 816"
817;"Node 817"
818;"Node 818"
819;"Node 819"
820;"Node 820"
821;"Node 821"
822;"Node 822"
823;"Node 823"
824;"Node 824"
825;"Node 825"
826;"Node 826"
827;"Node 827"
828;"Node 828"
829;"Node 829"
830;"Node 830"
831;"Node 831"
832;"Node 832"
833;"Node 833"
834;"Node 834"
835;"Node 835"
836;"Node 836"
837;"Node 837"
838;"Node 838"
839;"Node 839"
840;"Node 840"
841;"Node 841"
842;"Node 842"
843;"Node 843"
844;"Node 844"
845;"Node 845"
846;"Node 846"
847;"Node 847"
848;"Node 848"
849;"Node 849"
850;"Node 850"
851;"Node 851"
852;"Node 852"
853;"Node 853"
854;"Node 854"
855;"Node 855"
856;"Node 856"
857;"Node 857"
858;"Node 858"
859;"Node 859"
860;"Node 860"
861;"Node 861"
862;"Node 862"
863;"Node 863"
864;"Node 864"
865;"Node 865"
866;"Node 866"
867;"Node 867"
868;"Node 868"
869;"Node 869"
870;"Node 870"
871;"Node 871"
872;"Node 872"
873;"Node 873"
874;"Node 874"
875;"Node 875"
876;"Node 876"
877;"Node 877"
878;"Node 878"
879;"Node 879"
880;"Node 880"
881;"Node 881"
882;"Node 882"
883;"Node 883"
884;"Node 884"
885;"Node 885"
886;"Node 886"
887;"Node 887"
888;"Node 888"
889;"Node 889"
890;"Node 890"
891;"Node 891"
892;"Node 892"
893;"Node 893"
894;"Node 894"
895;"Node 895"
896;"Node 896"
897;"Node 897"
898;"Node 898"
899;"Node 899"
900;"Node 900"
901;"Node 901"
902;"Node 902"
903;"Node 903"
904;"Node 904"
905;"Node 905"
906;"Node 906"
907;"Node 907"
908;"Node 908"
909;"Node 909"
910;"Node 910"
911;"Node 911"
912;"Node 912"
913;"Node 913"
914;"Node 914"
915;"Node 915"
916;"Node 916"
917;"Node 917"
918;"Node 918"
919;"Node 919"
920;"Node 920"
921;"Node 921"
922;"Node 922"
923;"Node 923"
924;"Node 924"
925;"Node 925"
926;"Node 926"
927;"Node 927"
928;"Node 928"
929;"Node 929"
930;"Node 930"
931;"Node 931"
932;"Node 932"
933;"Node 933"
934;"Node 934"
935;"Node 935"
936;"Node 936"
937;"Node 937"
938;"Node 938"
939;"Node 939"
940;"Node 940"
941;"Node 941"
942;"Node 942"
943;"Node 943"
944;"Node 944"
945;"Node 945"
946;"Node 946"
947;"Node 947"
948;"Node 948"
949;"Node 949"
950;"Node 950"
951;"Node 951"
952;"Node 952"
953;"Node 953"
954;"Node 954"
955;"Node 955"
956;"Node 956"
957;"Node 957"
958;"Node 958"
959;"Node 959"
960;"Node 960"
961;"Node 961"
962;"Node 962"
963;"Node 963"
964;"Node 964"
965;"Node 965"
966;"Node 966"
967;"Node 967"
968;"Node 968"
969;"Node 969"
970;"Node 970"
971;"Node 971"
972;"Node 972"
973;"Node 973"
974;"Node 974"
975;"Node 975"
976;"Node 976"
977;"Node 977"
978;"Node 978"
979;"Node 979"
980;"Node 980"
981;"Node 981"
982;"Node 982"
983;"Node 983"
984;"Node 984"
985;"Node 985"
986;"Node 986"
987;"Node 987"
988;"Node 988"
989;"Node 989"
990;"Node 990"
991;"Node 991"
992;"Node 992"
