Id,Label,Start,End,Interval
1,"Node 1",1,100,"<[1,100]>"
2,"Node 2",2,100,"<[2,100]>"
3,"Node 3",3,100,"<[3,100]>"
4,"Node 4",4,100,"<[4,100]>"
5,"Node 5",5,100,"<[5,100]>"
6,"Node 6",6,100,"<[6,100]>"
7,"Node 7",7,100,"<[7,100]>"
8,"Node 8",8,100,"<[8,100]>"
9,"Node 9",9,100,"<[9,100]>"
10,"Node 10",10,100,"<[10,100]>"
11,"Node 11",11,100,"<[11,100]>"
12,"Node 12",12,100,"<[12,100]>"
13,"Node 13",13,100,"<[13,100]>"
14,"Node 14",14,100,"<[14,100]>"
15,"Node 15",15,100,"<[15,100]>"
16,"Node 16",16,100,"<[16,100]>"
17,"Node 17",17,100,"<[17,100]>"
18,"Node 18",18,100,"<[18,100]>"
19,"Node 19",19,100,"<[19,100]>"
20,"Node 20",20,100,"<[20,100]>"
21,"Node 21",21,100,"<[21,100]>"
22,"Node 22",22,100,"<[22,100]>"
23,"Node 23",23,100,"<[23,100]>"
24,"Node 24",24,100,"<[24,100]>"
25,"Node 25",25,100,"<[25,100]>"
26,"Node 26",26,100,"<[26,100]>"
27,"Node 27",27,100,"<[27,100]>"
28,"Node 28",28,100,"<[28,100]>"
29,"Node 29",29,100,"<[29,100]>"
30,"Node 30",30,100,"<[30,100]>"
31,"Node 31",31,100,"<[31,100]>"
32,"Node 32",32,100,"<[32,100]>"
33,"Node 33",33,100,"<[33,100]>"
34,"Node 34",34,100,"<[34,100]>"
35,"Node 35",35,100,"<[35,100]>"
36,"Node 36",36,100,"<[36,100]>"
37,"Node 37",37,100,"<[37,100]>"
38,"Node 38",38,100,"<[38,100]>"
39,"Node 39",39,100,"<[39,100]>"
40,"Node 40",40,100,"<[40,100]>"
41,"Node 41",41,100,"<[41,100]>"
42,"Node 42",42,100,"<[42,100]>"
43,"Node 43",43,100,"<[43,100]>"
44,"Node 44",44,100,"<[44,100]>"
45,"Node 45",45,100,"<[45,100]>"
46,"Node 46",46,100,"<[46,100]>"
47,"Node 47",47,100,"<[47,100]>"
48,"Node 48",48,100,"<[48,100]>"
49,"Node 49",49,100,"<[49,100]>"
50,"Node 50",50,100,"<[50,100]>"
51,"Node 51",51,100,"<[51,100]>"
52,"Node 52",52,100,"<[52,100]>"
53,"Node 53",53,100,"<[53,100]>"
54,"Node 54",54,100,"<[54,100]>"
55,"Node 55",55,100,"<[55,100]>"
56,"Node 56",56,100,"<[56,100]>"
57,"Node 57",57,100,"<[57,100]>"
58,"Node 58",58,100,"<[58,100]>"
59,"Node 59",59,100,"<[59,100]>"
60,"Node 60",60,100,"<[60,100]>"
61,"Node 61",61,100,"<[61,100]>"
62,"Node 62",62,100,"<[62,100]>"
63,"Node 63",63,100,"<[63,100]>"
64,"Node 64",64,100,"<[64,100]>"
65,"Node 65",65,100,"<[65,100]>"
66,"Node 66",66,100,"<[66,100]>"
67,"Node 67",67,100,"<[67,100]>"
68,"Node 68",68,100,"<[68,100]>"
69,"Node 69",69,100,"<[69,100]>"
70,"Node 70",70,100,"<[70,100]>"
71,"Node 71",71,100,"<[71,100]>"
72,"Node 72",72,100,"<[72,100]>"
73,"Node 73",73,100,"<[73,100]>"
74,"Node 74",74,100,"<[74,100]>"
75,"Node 75",75,100,"<[75,100]>"
76,"Node 76",76,100,"<[76,100]>"
77,"Node 77",77,100,"<[77,100]>"
78,"Node 78",78,100,"<[78,100]>"
79,"Node 79",79,100,"<[79,100]>"
80,"Node 80",80,100,"<[80,100]>"
81,"Node 81",81,100,"<[81,100]>"
82,"Node 82",82,100,"<[82,100]>"
83,"Node 83",83,100,"<[83,100]>"
84,"Node 84",84,100,"<[84,100]>"
85,"Node 85",85,100,"<[85,100]>"
86,"Node 86",86,100,"<[86,100]>"
87,"Node 87",87,100,"<[87,100]>"
88,"Node 88",88,100,"<[88,100]>"
89,"Node 89",89,100,"<[89,100]>"
90,"Node 90",90,100,"<[90,100]>"
91,"Node 91",91,100,"<[91,100]>"
92,"Node 92",92,100,"<[92,100]>"
93,"Node 93",93,100,"<[93,100]>"
94,"Node 94",94,100,"<[94,100]>"
95,"Node 95",95,100,"<[95,100]>"
96,"Node 96",96,100,"<[96,100]>"
97,"Node 97",97,100,"<[97,100]>"
98,"Node 98",98,100,"<[98,100]>"
99,"Node 99",99,100,"<[99,100]>"
100,"Node 100",100,100,"<[100,100]>"
